Procedimentos médicos ,,,,,,,,,,,,,,,,,,,
,,,,,,,,,,,,,,,,,,,
Consultas Médicas,,Exames,,Exames,,Exames,,Exames,,Exames,,Exames,,PEQUENOS PROCEDIMENTOS,,Cirurgias,,ENDOSCOPIA,
,,Exames Laboratóriais,,Tomografia,,Ressonancia,,Ultrassom ,,Raiox,,Angiotomo,,,,,,,
Tipo,preço,Tipo,preço,Tipo,preço,Tipo,preço,Tipo,preço,Tipo,preço,Tipo,preço,Tipo,Preço,Sob Consulta ,,Tipo,Preço
CONSULTA CLINICO GERAL," R$  69,00 ","3-METIL HISTIDINA, PESQUISA E/OU DOSAGEM NO SORO"," R$  19,80 ",CRÂNIO OU SELA TÚRSICA OU ÓRBITAS,"R$ 228,00",CRÂNIO (ENCÉFALO),"R$ 384,00","ABDOME INFERIOR FEMININO (BEXIGA, UTERO, OVARIO E ANEXOS)","R$ 108,00",CRANIO 2 INCIDENCIAS,"R$ 42,00",,,CALOSIDADE E/OU MAL PERFURANTE - DESBASTAMENTO (POR LESÃO)," R$  63,70 ",,,ENDOSCOPIA DIGESTIVA + TESTE DE UREASE PARA H.PILORY+  COLETA DE BIOPSIA (QUANDO NECESSARIO)," R$  240,00 "
CONSULTA CIRURGIA GERAL," R$  92,00 ",5-NUCLEOTIDASE - PESQUISA E/OU DOSAGEM," R$  18,72 ",MASTÓIDES OU ORELHAS,"R$ 228,00",SELA TÚRCICA (HIPÓFISE),"R$ 384,00","ABDOME INFERIOR MASCULINO (BEXIGA, PROSTATA E VESICULAS SEMINAIS)","R$ 108,00",CRANIO 3 INCIDENCIAS,"R$ 42,00",,,CAUTERIZAÇÃO QUÍMICA (POR GRUPO DE ATÉ 5 LESÕES)," R$  76,44 ",,,COLONOSCOPIA – (QUANDO NECESSARIO COLETA PÓLIPO)," R$  540,00 "
CONSULTA GASTROENTEROLOGIA," R$  92,00 ","ACETILCOLINESTERASE, EM ERITROCITOS - PESQUISA E/OU DOSAGEM"," R$  13,06 ",FACE OU SEIOS DA FACE,"R$ 228,00",BASE DO CRÂNIO,"R$ 384,00","ABDOME SUPERIOR (FIGADO, VIAS BILIARES, VESICULA, PANCREAS E BACO)","R$ 84,00",CRANIO 4 INCIDENCIAS,"R$ 42,00",,,CIRURGIA DA HIDROSADENITE (POR REGIÃO)," R$  343,75 ",,,,
CONSULTA HEPATOLOGIA," R$  92,00 ",ACIDO ASCORBICO (VITAMINA C) - PESQUISA E/OU DOSAGEM," R$  13,27 ",ARTICULAÇÕES TEMPOROMANDIBULARES,"R$ 228,00",ÓRBITA BILATERAL,"R$ 384,00",ABDOME TOTAL (INCLUSIVE PELVE),"R$ 84,00",INCIDENCIA ADICIONAL DE CRÂNIO OU FACE,"R$ 42,00",,,CRIOCIRURGIA (NITROGÊNIO LÍQUIDO) DE NEOPLASIAS CUTÂNEAS," R$  171,04 ",,,,
CONSULTA INFECTOLOGIA," R$  103,50 ","ACIDO FOLICO, PESQUISA E/OU DOSAGEM NOS ERITROCITOS"," R$  18,47 ","PESCOÇO (PARTES MOLES, LARINGE, TIREOIDE, FARINGE)","R$ 228,00",OSSOS TEMPORAIS BILATERAL - CONDUTOS AUDITIVOS,"R$ 384,00","APARELHO URINARIO FEMININO (RINS, URETERES E BEXIGA)","R$ 96,00","ORELHA, MASTÓIDES OU ROCHEDOS - BILATERAL","R$ 42,00",,,CURETAGEM E ELETROCOAGULAÇÃO DE CA DE PELE (POR LESÃO)," R$  79,08 ",,,,
CONSULTA PSICOLOGIA," R$  40,25 ",ACIDO LACTICO (LACTATO) - PESQUISA E/OU DOSAGEM," R$  6,58 ",TÓRAX,"R$ 228,00",FACE (INCLUI SEIOS DA FACE),"R$ 384,00","APARELHO URINARIO MASCULINO (RINS, URETERES, BEXIGA E PROSTATA)","R$ 96,00",ARTICULAÇÃO ESCAPULOUMERAL (OMBRO),"R$ 42,00",,,CURETAGEM SIMPLES DE LESÕES DE PELE (POR GRUPO DE ATÉ 5 LESÕES)," R$  40,27 ",,,,
CONSULTA VASCULAR," R$  103,50 ",ACIDO OXALICO - PESQUISA E/OU DOSAGEM," R$  23,36 ","ABDOME TOTAL (ABDOME SUPERIOR, PELVE E RETROPERITÔNIO)","R$ 420,00",ARTICULAÇÃO TEMPOROMANDIBULAR (BILATERAL),"R$ 384,00",ARTICULAR (POR ARTICULACAO),"R$ 96,00",ORBITAS BILATERAL,"R$ 42,00",,,ELETROCOAGULAÇÃO DE LESÕES DE PELE E MUCOSAS - COM OU SEM CURETAGEM (POR GRUPO DE ATÉ 5 LESÕES)," R$  57,30 ",,,,
CONSULTA DERMATOLOGISTA," R$  97,75 ",ACIDO PIRUVICO - PESQUISA E/OU DOSAGEM," R$  5,94 ",ABDOME SUPERIOR,"R$ 228,00","PESCOÇO (NASOFARINGE, OROFARINGE, LARINGE, TRAQUÉIA, TIREÓIDE, PARATIREÓIDE)","R$ 384,00",ESTRUTURAS SUPERFICIAIS (CERVICAL OU AXILAS OU MUSCULO OU TENDÃO),"R$ 96,00",SEIO DA FACE,"R$ 42,00",,,ESFOLIAÇÃO QUÍMICA MÉDIA (POR SESSÃO)," R$  102,60 ",,,,
,,ACIDO SIALICO - PESQUISA E/OU DOSAGEM," R$  5,94 ",PELVE OU BACIA,"R$ 228,00","TORAX (MEDIASTINO, PULMÃO, PAREDE TORÁCICA)","R$ 384,00",MAMAS,"R$ 84,00",SELA TÚRCICA,"R$ 42,00",,,ESFOLIAÇÃO QUÍMICA SUPERFICIAL (POR SESSÃO)," R$  79,08 ",,,,
,,FERRO SERICO - PESQUISA E/OU DOSAGEM," R$  19,33 ",COLUNA CERVICAL OU DORSAL OU LOMBAR (ATÉ 3 SEGMENTOS),"R$ 228,00","ABDOME SUPERIOR (FIGADO, PÂNCREAS, BAÇO, RINS, SUPRA-RENAIS, RETROPERITÔNIO)","R$ 384,00",OBSTETRICA,"R$ 84,00",MAXILAR INFERIOR,"R$ 42,00",,,EXÉRESE DE HIGROMA CÍSTICO," R$  689,39 ",,,,
,,ACIDO VALPROICO - PESQUISA E/OU DOSAGEM," R$  25,48 ",ARTICULAÇÃO (ESTERNOCLACLAVICULAR OU OMBRO OU COTOVELO OU PUNHO OU SACROILÍACAS OU COXOFEMORAL OU JOELHO OU TORNOZELO) UNILATERAL,"R$ 228,00",PELVE (NÃO INCLUI ARTICULAÇÕES COXOFEMORAIS),"R$ 384,00",OBSTETRICA 1º TRIMESTRE (ENDOVAGINAL),"R$ 84,00",OSSOS DA FACE,"R$ 42,00",,,EXÉRESE DE LESÃO COM AUTO-ENXERTIA," R$  322,13 ",,,,
,,ACIDOS GRAXOS LIVRES - PESQUISA E/OU DOSAGEM," R$  32,92 ",ANGIOTOMOGRAFIA (CRÂNIO OU PESCOÇO OU TORÁX OU ABDOME SUPERIOR OU PELVE) - ARTERIAL OU VENOSA,"R$ 420,00",COLUNA CERVICAL OU DORSAL OU LOMBAR,"R$ 384,00",OBSTETRICA CONVENCIONAL COM DOPPLER COLORIDO,"R$ 108,00",ARCOS ZIGOMÁTICOS OU MALAR OU APÓFISES ESTILÓIDES,"R$ 42,00",,,EXÉRESE E SUTURA DE LESÕES (CIRCULARES OU NÃO) COM ROTAÇÃO DE RETALHOS CUTÂNEOS," R$  298,37 ",,,,
,,ACIDOS ORGANICOS (PERFIL QUANTITATIVO)," R$  299,71 ",SEGMENTOS APENDICULARES (BRAÇO OU ANTEBRAÇO OU MÃO OU COXA OU PERNA OU PÉ) - UNILATERAL,"R$ 228,00",PLEXO BRAQUIAL (DESFILADEIRO TORÁCICO) OU LOMBOSSACRAL (NÃO INCLUI COLUNA CERVICAL OU LOMBAR),"R$ 384,00",OBSTETRICA COM TRANSLUCENCIA NUCAL,"R$ 144,00",ARTICULAÇÃO TEMPOROMANDIBULAR - BILATERAL,"R$ 42,00",,,EXÉRESE DE LESÃO / TUMOR DE PELE E MUCOSAS," R$  124,98 ",,,,
,,GLICEMIA APOS SOBRECARGA COM DEXTROSOL OU GLICOSE - PESQUISA E/OU DOSAGEM," R$  16,45 ",COLUNA - SEGMENTO ADICIONAL,"R$ 228,00",MEMBRO SUPERIOR UNILATERAL (NÃO INCLUI MÃO E ARTICULAÇÕES),"R$ 384,00",ORGAOS SUPERFICIAIS (TIREOIDE OU ESCROTO OU PENIS OU CRANIO),"R$ 84,00",ADENÓIDES OU CAVUM,"R$ 42,00",,,EXÉRESE DE TUMOR E ROTAÇÃO DE RETALHO MÚSCULO-CUTÂNEO," R$  304,25 ",,,,
,,GLICOSE - PESQUISA E/OU DOSAGEM," R$  14,12 ",COLUNA - SEGMENTO ADICIONAL,"R$ 228,00",MAO (NAO INCLUI PUNHO),"R$ 384,00",TRANSVAGINAL (INCLUI ABDOME INFERIOR FEMININO),"R$ 84,00",COLUNA CERVICAL 3 INCIDENCIAS,"R$ 42,00",,,EXÉRESE DE UNHA," R$  48,13 ",,,,
,,ALBUMINA - PESQUISA E/OU DOSAGEM," R$  3,83 ",ANGIOTOMOGRAFIA DE AORTA TORÁCICA,"R$ 420,00",BACIA (ARTICULACOES SACROILIACAS),"R$ 384,00",DOPPLER COLORIDO DE VASOS CERVICAIS ARTERIAIS BILATERAL (CARÓTIDAS E VERTEBRAIS),"R$ 180,00",COLUNA CERVICAL 5 INCIDENCIAS,"R$ 42,00",,,EXÉRESE E SUTURA SIMPLES DE PEQUENAS LESÕES - GRUPO DE ATÉ 5 LESÕES," R$  171,04 ",,,,
,,ALDOLASE - PESQUISA E/OU DOSAGEM," R$  6,80 ",ANGIOTOMOGRAFIA DE AORTA ABDOMINAL,"R$ 420,00",COXA (UNILATERAL),"R$ 384,00",DOPPLER COLORIDO ARTERIAL DE MEMBRO SUPERIOR - UNILATERAL,"R$ 216,00",COLUNA DORSAL 2 INCIDENCIAS,"R$ 42,00",,,EXÉRESE TANGENCIAL (SHAVING) - (POR GRUPO DE ATÉ 5 LESÕES)," R$  108,84 ",,,,
,,"ALFA-1-ANTITRIPSINA, PESQUISA E/OU DOSAGEM NO SORO"," R$  10,14 ",ESCANOMETRIA DIGITAL,"R$ 228,00",PERFUSÃO CEREBRAL POR RM,"R$ 384,00",DOPPLER COLORIDO VENOSO DE MEMBRO SUPERIOR - UNILATERAL,"R$ 216,00",COLUNA DORSAL 4 INCIDENCIAS,"R$ 42,00",,,"INFILTRAÇÃO  INTRALESIONAL, CICATRICIAL E HEMANGIOMAS - POR SESSÃO"," R$  67,25 ",,,,
,,ALFA-1-GLICOPROTEINA ACIDA - PESQUISA E/OU DOSAGEM," R$  8,70 ",,,PERNA (UNILATERAL),"R$ 384,00",DOPPLER COLORIDO ARTERIAL DE MEMBRO INFERIOR - UNILATERAL,"R$ 216,00",COLUNA LOMBOSACRA 3 INCIDENCIAS,"R$ 42,00",,,MATRICECTOMIA POR DOBRA UNGUEAL," R$  304,25 ",,,,
,,ALFA-2-MACROGLOBULINA - PESQUISA E/OU DOSAGEM," R$  7,92 ",,,PÉ (ANTEPÉ) - NÃO INCLUI TORNOZELO,"R$ 384,00",DOPPLER COLORIDO VENOSO DE MEMBRO INFERIOR - UNILATERAL,"R$ 216,00",COLUNA LOMBOSACRA 5 INCIDENCIAS,"R$ 42,00",,,SUTURA DE PEQUENOS FERIMENTOS COM OU SEM DESBRIDAMENTO," R$  117,68 ",,,,
,,"ALUMINIO, PESQUISA E/OU DOSAGEM NO SORO"," R$  25,48 ",,,ARTICULACAO (POR ARTICULACAO),"R$ 384,00",PRÓSTATA VIA ABDOMINAL,"R$ 84,00",SACRO-COCCIX,"R$ 42,00",,,TRATAMENTO DA MIIASE FURUNCULÓIDE (POR LESÃO)," R$  70,06 ",,,,
,,HEMOGLOBINA GLICADA (A1 TOTAL) - PESQUISA E/OU DOSAGEM," R$  28,66 ",,,ANGIO-RM DE AORTA TORACICA,"R$ 480,00",,,INCIDENCIA ADICIONAL DE COLUNA,"R$ 42,00",,,"EXÉRESE E SUTURA DE HEMANGIOMA, LINFANGIOMA OU NEVUS (POR GRUPO DE ATÉ 5 LESÕES)"," R$  131,10 ",,,,
,,"AMINOACIDOS, FRACIONAMENTO E QUANTIFICACAO"," R$  54,14 ",,,ANGIO-RM DE AORTA ABDMOMINAL,"R$ 480,00",,,ESTERNO,"R$ 42,00",,,ABSCESSO DE UNHA (DRENAGEM) - TRATAMENTO CIRÚRGICO," R$  122,65 ",,,,
,,"AMITRIPTILINA, NORTRIPTILINA (CADA) - PESQUISA E/OU DOSAGEM"," R$  33,67 ",,,HIDRO-RM (COLANGIO-RM OU URO-RM OU MIELO-RM OU SIALO-RM OU CISTOGRAFIA POR RM),"R$ 480,00",,,ARTICULAÇÃO ESTERNOCLAVICULAR,"R$ 42,00",,,CANTOPLASTIA UNGUEAL," R$  210,79 ",,,,
,,AMONIA - PESQUISA E/OU DOSAGEM," R$  5,94 ",,,ANGIO-RM (CRÂNIO OU PESCOÇO OU TÓRAX OU ABDOME SUPERIOR OU PELVE) - ARTERIAL OU VENOSA,"R$ 480,00",,,COSTELAS - POR HEMITÓRAX,"R$ 42,00",,,,,,,,
,,"ANTIBIOTICOS, PESQUISA E/OU DOSAGEM NO SORO, CADA"," R$  33,67 ",,,ANGIO-RM ARTERIAL PULMONAR,"R$ 480,00",,,CLAVÍCULA,"R$ 42,00",,,,,,,,
,,APOLIPOPROTEINA A (APO A) - PESQUISA E/OU DOSAGEM," R$  17,41 ",,,ANGIO-RM VENOSA PULMONAR,"R$ 480,00",,,ARTICULAÇÃO ACROMIOCLAVICULAR,"R$ 42,00",,,,,,,,
,,APOLIPOPROTEINA B (APO B) - PESQUISA E/OU DOSAGEM," R$  17,41 ",,,ANGIO-RM ARTERIAL DE ABDOME SUPERIOR,"R$ 480,00",,,LARINGE OU HIPOFARINGE OU PESCOÇO (PARTES MOLES),"R$ 42,00",,,,,,,,
,,"BARBITURICOS, ANTIDEPRESSIVOS TRICICLICOS (CADA) - PESQUISA E/OU DOSAGEM"," R$  12,74 ",,,ANGIO-RM VENOSA DE ABDOME SUPERIOR,"R$ 480,00",,,OMOPLATA OU ESCÁPULA,"R$ 42,00",,,,,,,,
,,BETA-GLICURONIDASE - PESQUISA E/OU DOSAGEM," R$  24,65 ",,,ANGIO-RM ARTERIAL DE CRANIO,"R$ 480,00",,,BRAÇO,"R$ 42,00",,,,,,,,
,,MAGNESIO - PESQUISA E/OU DOSAGEM," R$  25,48 ",,,ANGIO-RM DE VENOSO DE CRANIO,"R$ 480,00",,,COTOVELO,"R$ 42,00",,,,,,,,
,,HEMOGLOBINA GLICADA (FRACAO A1C) - PESQUISA E/OU DOSAGEM," R$  34,73 ",,,ANGIO-RM ARTERIAL DE MEMBRO INFERIOR (UNILATERAL),"R$ 480,00",,,ANTEBRAÇO,"R$ 42,00",,,,,,,,
,,CALCIO IONICO - PESQUISA E/OU DOSAGEM," R$  3,07 ",,,ANGIO-RM VENOSA DE MEMBRO INFERIOR (UNILATERAL),"R$ 480,00",,,PUNHO,"R$ 42,00",,,,,,,,
,,CAPACIDADE DE FIXACAO DE FERRO - PESQUISA E/OU DOSAGEM," R$  3,59 ",,,ANGIO-RM ARTERIAL DE MEMBRO SUPERIOR (UNILATERAL),"R$ 480,00",,,MÃO OU QUIRODÁCTILO,"R$ 42,00",,,,,,,,
,,CARBAMAZEPINA - PESQUISA E/OU DOSAGEM," R$  3,07 ",,,ANGIO-RM VENOSA DE MEMBRO SUPERIOR (UNILATERAL),"R$ 480,00",,,MÃOS E PUNHOS PARA IDADE ÓSSEA,"R$ 42,00",,,,,,,,
,,CAROTENO - PESQUISA E/OU DOSAGEM," R$  5,52 ",,,ANGIO-RM ARTERIAL DE PELVE,"R$ 480,00",,,BACIA,"R$ 42,00",,,,,,,,
,,CERULOPLASMINA - PESQUISA E/OU DOSAGEM," R$  12,25 ",,,ANGIO-RM VENOSA DE PELVE,"R$ 480,00",,,ARTICULAÇÕES SACROILÍACAS,"R$ 42,00",,,,,,,,
,,"CICLOSPORINA, METHOTREXATE - CADA - PESQUISA E/OU DOSAGEM"," R$  17,41 ",,,ANGIO-RM ARTERIAL DE PESCOCO,"R$ 480,00",,,ARTICULAÇÃO COXOFEMORAL (QUADRIL),"R$ 42,00",,,,,,,,
,,CLEARANCE DE ACIDO URICO," R$  10,87 ",,,ANGIO-RM VENOSA DE PESCOCO,"R$ 480,00",,,COXA,"R$ 42,00",,,,,,,,
,,CLEARANCE DE CREATININA," R$  3,07 ",,,,,,,JOELHO,"R$ 42,00",,,,,,,,
,,CLEARANCE DE FOSFATO," R$  5,41 ",,,,,,,PATELA,"R$ 42,00",,,,,,,,
,,CLEARANCE DE UREIA," R$  6,30 ",,,,,,,PERNA,"R$ 42,00",,,,,,,,
,,CLOMIPRAMINA - PESQUISA E/OU DOSAGEM," R$  33,67 ",,,,,,,ARTICULAÇÃO TIBIOTÁRSICA (TORNOZELO),"R$ 42,00",,,,,,,,
,,CLORO - PESQUISA E/OU DOSAGEM," R$  4,00 ",,,,,,,PÉ OU PODODÁCTILO,"R$ 42,00",,,,,,,,
,,COBRE - PESQUISA E/OU DOSAGEM," R$  13,06 ",,,,,,,CALCÂNEO,"R$ 42,00",,,,,,,,
,,"HEMATOCRITO, DETERMINACAO DO"," R$  6,42 ",,,,,,,ESCANOMETRIA,"R$ 42,00",,,,,,,,
,,"COAGULOGRAMA (TS, TC, PROVA DO LACO, RETRACAO DO COAGULO, CONTAGEM DE PLAQUETAS, TEMPO DE PROTOMBINA, TEMPO DE TROMBOPLASTINA, PARCIAL ATIVADO) - PESQUISA E/OU DOSAGEM"," R$  25,48 ",,,,,,,TÓRAX - 1 INCIDÊNCIA,"R$ 42,00",,,,,,,,
,,HORMONIO GONODOTROFICO CORIONICO QUANTITATIVO (HCG-BETA-HCG) - DOSAGEM," R$  44,59 ",,,,,,,TÓRAX - 2 INCIDÊNCIAS,"R$ 42,00",,,,,,,,
,,CREATINA - PESQUISA E/OU DOSAGEM," R$  7,32 ",,,,,,,TÓRAX - 3 INCIDÊNCIAS,"R$ 42,00",,,,,,,,
,,TOXOPLASMOSE IGG - PESQUISA E/OU DOSAGEM," R$  32,77 ",,,,,,,TÓRAX - 4 INCIDÊNCIAS,"R$ 42,00",,,,,,,,
,,CREATINO FOSFOQUINASE TOTAL (CK) - PESQUISA E/OU DOSAGEM," R$  10,87 ",,,,,,,ABDOME SIMPLES,"R$ 42,00",,,,,,,,
,,ACIDO URICO - PESQUISA E/OU DOSAGEM," R$  3,07 ",,,,,,,ABDOME AGUDO,"R$ 42,00",,,,,,,,
,,CREATINO FOSFOQUINASE - FRACAO MB - ATIVIDADE - PESQUISA E/OU DOSAGEM," R$  3,08 ",,,,,,,"ESQUELETO (INCIDÊNCIAS BÁSICAS DE: CRÂNIO, COLUNA, BACIA E MEMBROS)","R$ 42,00",,,,,,,,
,,CROMATOGRAFIA DE AMINOACIDOS (PERFIL QUALITATITIVO) - PESQUISA E/OU DOSAGEM," R$  19,80 ",,,,,,,INCIDÊNCIA ADICIONAL DE MEMBRO SUPERIOR,"R$ 42,00",,,,,,,,
,,CURVA GLICEMICA (4 DOSAGENS) VIA ORAL OU ENDOVENOSA," R$  16,45 ",,,,,,,INCIDÊNCIA ADICIONAL DE MEMBRO INFERIOR,"R$ 42,00",,,,,,,,
,,DESIDROGENASE ALFA-HIDROXIBUTIRICA - PESQUISA E/OU DOSAGEM," R$  7,16 ",,,,,,,MAMOGRAFIA DIGITAL BILATERAL,"R$ 42,00",,,,,,,,
,,DESIDROGENASE GLUTAMICA - PESQUISA E/OU DOSAGEM," R$  7,16 ",,,,,,,,,,,,,,,,
,,DESIDROGENASE LACTICA - PESQUISA E/OU DOSAGEM," R$  28,67 ",,,,,,,,,,,,,,,,
,,DESIDROGENASE LACTICA - ISOENZIMAS FRACIONADAS - PESQUISA E/OU DOSAGEM," R$  33,38 ",,,,,,,,,,,,,,,,
,,BENZODIAZEPINICOS E SIMILARES (CADA) - PESQUISA E/OU DOSAGEM," R$  29,70 ",,,,,,,,,,,,,,,,
,,DIGITOXINA OU DIGOXINA - PESQUISA E/OU DOSAGEM," R$  28,67 ",,,,,,,,,,,,,,,,
,,ELETROFERESE DE PROTEINAS," R$  18,44 ",,,,,,,,,,,,,,,,
,,ELETROFORESE DE GLICOPROTEINAS," R$  18,44 ",,,,,,,,,,,,,,,,
,,ACILCARNITINAS (PERFIL QUALITATIVO) (COM DIRETRIZ DE UTILIZACAO DEFINIDA PELA ANS)," R$  270,96 ",,,,,,,,,,,,,,,,
,,ENOLASE - PESQUISA E/OU DOSAGEM," R$  33,01 ",,,,,,,,,,,,,,,,
,,ETOSSUXIMIDA - PESQUISA E/OU DOSAGEM," R$  10,93 ",,,,,,,,,,,,,,,,
,,"FENILALANINA, PESQUISA E/OU DOSAGEM"," R$  10,66 ",,,,,,,,,,,,,,,,
,,FENITOINA - PESQUISA E/OU DOSAGEM," R$  33,67 ",,,,,,,,,,,,,,,,
,,FENOBARBITAL - PESQUISA E/OU DOSAGEM," R$  25,48 ",,,,,,,,,,,,,,,,
,,ACILCARNITINAS (PERFIL QUANTITATIVO) (COM DIRETRIZ DE UTILIZACAO DEFINIDA PELA ANS)," R$  362,42 ",,,,,,,,,,,,,,,,
,,FORMALDEIDO - PESQUISA E/OU DOSAGEM," R$  14,12 ",,,,,,,,,,,,,,,,
,,FOSFATASE ACIDA FRACAO PROSTATICA - PESQUISA E/OU DOSAGEM," R$  7,32 ",,,,,,,,,,,,,,,,
,,FOSFATASE ACIDA TOTAL - PESQUISA E/OU DOSAGEM," R$  4,78 ",,,,,,,,,,,,,,,,
,,AMILASE - PESQUISA E/OU DOSAGEM," R$  3,07 ",,,,,,,,,,,,,,,,
,,FOSFATASE ALCALINA COM FRACIONAMENTO DE ISOENZIMAS - PESQUISA E/OU DOSAGEM," R$  3,92 ",,,,,,,,,,,,,,,,
,,FOSFATASE ALCALINA FRACAO OSSEA - ELISA - PESQUISA E/OU DOSAGEM," R$  33,67 ",,,,,,,,,,,,,,,,
,,FOSFATASE ALCALINA TERMO-ESTAVEL - PESQUISA E/OU DOSAGEM," R$  3,92 ",,,,,,,,,,,,,,,,
,,FOSFOLIPIDIOS - PESQUISA E/OU DOSAGEM," R$  5,51 ",,,,,,,,,,,,,,,,
,,"BILIRRUBINAS (DIRETA, INDIRETA E TOTAL) - PESQUISA E/OU DOSAGEM"," R$  4,00 ",,,,,,,,,,,,,,,,
,,"FOSFORO, PROVA DE REABSORCAO TUBULAR"," R$  3,07 ",,,,,,,,,,,,,,,,
,,FRUTOSAMINAS (PROTEINAS GLICOSILADAS) - PESQUISA E/OU DOSAGEM," R$  7,32 ",,,,,,,,,,,,,,,,
,,FRUTOSE - PESQUISA E/OU DOSAGEM," R$  9,77 ",,,,,,,,,,,,,,,,
,,GALACTOSE - PESQUISA E/OU DOSAGEM," R$  9,90 ",,,,,,,,,,,,,,,,
,,CALCIO - PESQUISA E/OU DOSAGEM," R$  4,00 ",,,,,,,,,,,,,,,,
,,COLESTEROL (HDL) - PESQUISA E/OU DOSAGEM," R$  5,52 ",,,,,,,,,,,,,,,,
,,GASOMETRIA + HB + HT + NA + K + CL + CA + GLICOSE + LACTATO (QUANDO EFETUADO NO GASOMETRO) - PESQUISA E/OU DOSAGEM," R$  21,19 ",,,,,,,,,,,,,,,,
,,COLESTEROL (LDL) - PESQUISA E/OU DOSAGEM," R$  6,58 ",,,,,,,,,,,,,,,,
,,COLESTEROL TOTAL - PESQUISA E/OU DOSAGEM," R$  6,58 ",,,,,,,,,,,,,,,,
,,GLICOSE-6-FOSFATO DEIDROGENASE (G6FD) - PESQUISA E/OU DOSAGEM," R$  3,07 ",,,,,,,,,,,,,,,,
,,HAPTOGLOBINA - PESQUISA E/OU DOSAGEM," R$  10,14 ",,,,,,,,,,,,,,,,
,,CREATININA - PESQUISA E/OU DOSAGEM," R$  3,08 ",,,,,,,,,,,,,,,,
,,HEMOGLOBINA PLASMATICA LIVRE - PESQUISA E/OU DOSAGEM," R$  10,87 ",,,,,,,,,,,,,,,,
,,HEXOSAMINIDASE A - PESQUISA E/OU DOSAGEM," R$  225,13 ",,,,,,,,,,,,,,,,
,,HIDROXIPROLINA - PESQUISA E/OU DOSAGEM," R$  21,88 ",,,,,,,,,,,,,,,,
,,HOMOCISTEINA - PESQUISA E/OU DOSAGEM," R$  33,59 ",,,,,,,,,,,,,,,,
,,"AMILASE OU ALFA-AMILASE, ISOENZIMAS - PESQUISA E/OU DOSAGEM"," R$  21,76 ",,,,,,,,,,,,,,,,
,,"LACTOSE, TESTE DE TOLERANCIA"," R$  20,28 ",,,,,,,,,,,,,,,,
,,LIPASE - PESQUISA E/OU DOSAGEM," R$  7,32 ",,,,,,,,,,,,,,,,
,,LITIO - PESQUISA E/OU DOSAGEM," R$  5,06 ",,,,,,,,,,,,,,,,
,,CREATINO FOSFOQUINASE - FRACAO MB - MASSA - PESQUISA E/OU DOSAGEM," R$  33,67 ",,,,,,,,,,,,,,,,
,,"MIOGLOBINA, PESQUISA E/OU DOSAGEM"," R$  14,71 ",,,,,,,,,,,,,,,,
,,OSMOLALIDADE - PESQUISA E/OU DOSAGEM," R$  6,58 ",,,,,,,,,,,,,,,,
,,"OXCARBAZEPINA, PESQUISA E/OU DOSAGEM"," R$  35,86 ",,,,,,,,,,,,,,,,
,,PIRUVATO QUINASE - PESQUISA E/OU DOSAGEM," R$  96,67 ",,,,,,,,,,,,,,,,
,,PORFIRINAS QUANTITATIVAS (CADA) - PESQUISA E/OU DOSAGEM," R$  26,93 ",,,,,,,,,,,,,,,,
,,ELETROFORESE DE LIPOPROTEINAS," R$  18,44 ",,,,,,,,,,,,,,,,
,,PRE-ALBUMINA - PESQUISA E/OU DOSAGEM," R$  21,02 ",,,,,,,,,,,,,,,,
,,PRIMIDONA - PESQUISA E/OU DOSAGEM," R$  29,70 ",,,,,,,,,,,,,,,,
,,PROTEINAS TOTAIS - PESQUISA E/OU DOSAGEM," R$  3,83 ",,,,,,,,,,,,,,,,
,,FOSFATASE ALCALINA - PESQUISA E/OU DOSAGEM," R$  3,92 ",,,,,,,,,,,,,,,,
,,RESERVA ALCALINA (BICARBONATO) - PESQUISA E/OU DOSAGEM," R$  3,59 ",,,,,,,,,,,,,,,,
,,"SACAROSE, TESTE DE TOLERANCIA"," R$  15,84 ",,,,,,,,,,,,,,,,
,,FOSFORO - PESQUISA E/OU DOSAGEM," R$  3,59 ",,,,,,,,,,,,,,,,
,,SUCCINIL ACETONA - PESQUISA E/OU DOSAGEM (COM DIRETRIZ DE UTILIZACAO DEFINIDA PELA ANS)," R$  258,13 ",,,,,,,,,,,,,,,,
,,TACROLIMUS - PESQUISA E/OU DOSAGEM," R$  71,21 ",,,,,,,,,,,,,,,,
,,TEOFILINA - PESQUISA E/OU DOSAGEM," R$  29,70 ",,,,,,,,,,,,,,,,
,,TESTE DE TOLERANCIA A INSULINA OU HIPOGLICEMIANTES ORAIS (ATE 6 DOSAGENS)," R$  17,82 ",,,,,,,,,,,,,,,,
,,GAMA-GLUTAMIL TRANSFERASE - PESQUISA E/OU DOSAGEM," R$  7,32 ",,,,,,,,,,,,,,,,
,,"GASOMETRIA (PH, PCO2, SA, O2, EXCESSO BASE) - PESQUISA E/OU DOSAGEM"," R$  4,34 ",,,,,,,,,,,,,,,,
,,TRANSFERRINA - PESQUISA E/OU DOSAGEM," R$  3,08 ",,,,,,,,,,,,,,,,
,,POTASSIO - PESQUISA E/OU DOSAGEM," R$  3,59 ",,,,,,,,,,,,,,,,
,,PROTEINAS TOTAIS ALBUMINA E GLOBULINA - PESQUISA E/OU DOSAGEM," R$  2,98 ",,,,,,,,,,,,,,,,
,,TROPONINA - PESQUISA E/OU DOSAGEM," R$  33,38 ",,,,,,,,,,,,,,,,
,,SODIO - PESQUISA E/OU DOSAGEM," R$  3,59 ",,,,,,,,,,,,,,,,
,,UROBILINOGENIO - PESQUISA E/OU DOSAGEM," R$  1,98 ",,,,,,,,,,,,,,,,
,,"VITAMINA A, PESQUISA E/OU DOSAGEM"," R$  29,68 ",,,,,,,,,,,,,,,,
,,VITAMINA E - PESQUISA E/OU DOSAGEM," R$  46,99 ",,,,,,,,,,,,,,,,
,,"XILOSE, TESTE DE ABSORCAO A"," R$  18,48 ",,,,,,,,,,,,,,,,
,,LIPIDIOS TOTAIS - PESQUISA E/OU DOSAGEM," R$  3,29 ",,,,,,,,,,,,,,,,
,,"MALTOSE, TESTE DE TOLERANCIA"," R$  15,84 ",,,,,,,,,,,,,,,,
,,"MUCOPOLISSACARIDOSE, PESQUISA E/OU DOSAGEM"," R$  18,44 ",,,,,,,,,,,,,,,,
,,"OCITOCINASE, PESQUISA E/OU DOSAGEM"," R$  18,44 ",,,,,,,,,,,,,,,,
,,TRANSAMINASE OXALACETICA (AMINO TRANSFERASE ASPARTATO) - PESQUISA E/OU DOSAGEM," R$  3,59 ",,,,,,,,,,,,,,,,
,,TRANSAMINASE PIRUVICA (AMINO TRANSFERASE DE ALANINA) - PESQUISA E/OU DOSAGEM," R$  3,59 ",,,,,,,,,,,,,,,,
,,TRIGLICERIDEOS - PESQUISA E/OU DOSAGEM," R$  5,06 ",,,,,,,,,,,,,,,,
,,ELETROFORESE DE PROTEINAS DE ALTA RESOLUCAO (COM DIRETRIZ DE UTILIZACAO DEFINIDA PELA ANS)," R$  25,48 ",,,,,,,,,,,,,,,,
,,IMUNOFIXACAO - CADA FRACAO (COM DIRETRIZ DE UTILIZACAO DEFINIDA PELA ANS) ," R$  38,33 ",,,,,,,,,,,,,,,,
,,TRIPSINA IMUNO REATIVA (IRT) - PESQUISA E/OU DOSAGEM," R$  11,56 ",,,,,,,,,,,,,,,,
,,LAMOTRIGINA - PESQUISA E/OU DOSAGEM," R$  17,41 ",,,,,,,,,,,,,,,,
,,UREIA - PESQUISA E/OU DOSAGEM," R$  3,59 ",,,,,,,,,,,,,,,,
,,PAPP-A - PESQUISA E/OU DOSAGEM," R$  72,28 ",,,,,,,,,,,,,,,,
,,PEPTIDEO NATRIURETICO BNP/PROBNP - PESQUISA E/OU DOSAGEM," R$  23,34 ",,,,,,,,,,,,,,,,
,,Vitamina B1," R$  70,48 ",,,,,,,,,,,,,,,,
,,Vitamina B2," R$  18,47 ",,,,,,,,,,,,,,,,
,,Vitamina B3," R$  45,65 ",,,,,,,,,,,,,,,,
,,Vitamina B6," R$  51,46 ",,,,,,,,,,,,,,,,
,,"Vitamina K, dosagem"," R$  32,92 ",,,,,,,,,,,,,,,,
,,"ALFA -1-ANTITRIPSINA, (FEZES) - PESQUISA E/OU DOSAGEM"," R$  11,78 ",,,,,,,,,,,,,,,,
,,"ANAL SWAB, PESQUISA DE OXIURUS"," R$  2,98 ",,,,,,,,,,,,,,,,
,,"COPROLOGICO FUNCIONAL (CARACTERES, PH, DIGESTIBILIDADE, AMONIA, ACIDOS ORGANICOS E INTERPRETACAO)"," R$  8,70 ",,,,,,,,,,,,,,,,
,,"GORDURA FECAL, DOSAGEM"," R$  27,80 ",,,,,,,,,,,,,,,,
,,"HEMATOXILINA FERRICA, PESQUISA DE PROTOZOARIOS NAS FEZES"," R$  2,22 ",,,,,,,,,,,,,,,,
,,"IDENTIFICACAO DE HELMINTOS, EXAME DE FRAGMENTOS - NAS FEZES"," R$  4,38 ",,,,,,,,,,,,,,,,
,,"LARVAS (FEZES), PESQUISA"," R$  1,98 ",,,,,,,,,,,,,,,,
,,"LEUCOCITOS E HEMACIAS, PESQUISA NAS FEZES"," R$  4,51 ",,,,,,,,,,,,,,,,
,,"LEVEDURAS, PESQUISA NAS FEZES"," R$  2,59 ",,,,,,,,,,,,,,,,
,,PROCALCITONINA - PESQUISA E/OU DOSAGEM," R$  97,58 ",,,,,,,,,,,,,,,,
,,"PARASITOLOGICO, COLHEITA MULTIPLA COM FORNECIMENTO DO LIQUIDO CONSERVANTE NAS FEZES"," R$  3,96 ",,,,,,,,,,,,,,,,
,,COLESTEROL (VLDL) - PESQUISA E/OU DOSAGEM," R$  8,48 ",,,,,,,,,,,,,,,,
,,"SHISTOSSOMA, PESQUISA OVOS EM FRAGMENTOS MUCOSA APOS BIOPSIA RETAL"," R$  1,98 ",,,,,,,,,,,,,,,,
,,SUBSTANCIAS REDUTORAS NAS FEZES - PESQUISA," R$  2,59 ",,,,,,,,,,,,,,,,
,,"TRIPSINA, PROVA DE (DIGESTAO DA GELATINA)"," R$  2,77 ",,,,,,,,,,,,,,,,
,,"ESTEATOCRITO, TRIAGEM PARA GORDURA FECAL"," R$  27,82 ",,,,,,,,,,,,,,,,
,,"ESTERCOBILINOGENIO FECAL, DOSAGEM"," R$  4,46 ",,,,,,,,,,,,,,,,
,,TESTE ORAL DE TOLERANCIA A GLICOSE - 2 DOSAGENS," R$  17,94 ",,,,,,,,,,,,,,,,
,,OOGRAMA NAS FEZES," R$  3,96 ",,,,,,,,,,,,,,,,
,,"ANTICOAGULANTE LUPICO, PESQUISA"," R$  14,34 ",,,,,,,,,,,,,,,,
,,"ANTICORPO ANTI A E B, PESQUISA E/OU DOSAGEM"," R$  14,54 ",,,,,,,,,,,,,,,,
,,"ANTICORPOS ANTIPLAQUETARIOS, CITOMETRIA DE FLUXO"," R$  42,04 ",,,,,,,,,,,,,,,,
,,ANTICORPOS IRREGULARES - PESQUISA E/OU DOSAGEM," R$  22,82 ",,,,,,,,,,,,,,,,
,,"ANTICORPOS IRREGULARES, PESQUISA (MEIO SALINO A TEMPERATURA AMBIENTE E 37Âº E TESTE INDIRETO DE COOMBS)"," R$  8,76 ",,,,,,,,,,,,,,,,
,,"ANTITROMBINA III, DOSAGEM"," R$  37,08 ",,,,,,,,,,,,,,,,
,,ATIVADOR TISSULAR DE PLASMINOGENIO (TPA) - PESQUISA E/OU DOSAGEM," R$  19,80 ",,,,,,,,,,,,,,,,
,,"CD... (ANTIGENO DE DIF. CELULAR, CADA DETERMINACAO) - PESQUISA E/OU DOSAGEM"," R$  63,62 ",,,,,,,,,,,,,,,,
,,"CITOQUIMICA PARA CLASSIFICAR LEUCEMIA: ESTERASE, FOSFATASE LEUCOCITARIA, PAS, PEROXIDASE OU SB, ETC - CADA"," R$  21,76 ",,,,,,,,,,,,,,,,
,,"PERFIL LIPIDICO / LIPIDOGRAMA (LIPIDIOS TOTAIS, COLESTEROL, TRIGLICERIDIOS E ELETROFORESE LIPOPROTEINAS) - PESQUISA E/OU DOSAGEM"," R$  17,81 ",,,,,,,,,,,,,,,,
,,"ENZIMAS ERITROCITARIAS, (ADENILATOQUINASE, DESIDROGENASE LACTICA, FOSFOFRUCTOQUINASE, FOSFOGLICERATO QUINASE, GLICERALDEIDO, 3 - FOSFATO DESIDROGENASE, GLICOSE FOSFATO ISOMERASE, GLICOSE 6 - FOSFATO D"," R$  21,77 ",,,,,,,,,,,,,,,,
,,"FALCIZACAO, TESTE DE"," R$  4,20 ",,,,,,,,,,,,,,,,
,,"FATOR 4 PLAQUETARIO, DOSAGENS"," R$  44,66 ",,,,,,,,,,,,,,,,
,,"FATOR II, DOSAGEM"," R$  9,13 ",,,,,,,,,,,,,,,,
,,"FATOR IX, DOSAGEM"," R$  52,82 ",,,,,,,,,,,,,,,,
,,"FATOR V, DOSAGEM"," R$  48,74 ",,,,,,,,,,,,,,,,
,,"FATOR VIII, DOSAGEM"," R$  48,74 ",,,,,,,,,,,,,,,,
,,"FATOR VIII, DOSAGEM DO ANTIGENO (VON WILLEBRAND)"," R$  8,70 ",,,,,,,,,,,,,,,,
,,"FATOR VIII, DOSAGEM DO INIBIDOR"," R$  10,50 ",,,,,,,,,,,,,,,,
,,"FATOR X, DOSAGEM"," R$  48,74 ",,,,,,,,,,,,,,,,
,,"FATOR XI, DOSAGEM"," R$  10,50 ",,,,,,,,,,,,,,,,
,,"FATOR XII, DOSAGEM"," R$  8,70 ",,,,,,,,,,,,,,,,
,,"FATOR XIII, PESQUISA"," R$  47,39 ",,,,,,,,,,,,,,,,
,,FENOTIPAGEM DO SISTEMA RH-HR (ANTI RHO(D) + ANTI RH(C) + ANTI RH(E)," R$  32,96 ",,,,,,,,,,,,,,,,
,,"FIBRINOGENIO, TESTE FUNCIONAL, DOSAGEM"," R$  3,92 ",,,,,,,,,,,,,,,,
,,"FILARIA, PESQUISA"," R$  23,35 ",,,,,,,,,,,,,,,,
,,PARASITOLOGICO - NAS FEZES," R$  5,06 ",,,,,,,,,,,,,,,,
,,"SANGUE OCULTO, PESQUISA NAS FEZES"," R$  2,59 ",,,,,,,,,,,,,,,,
,,"HAM, TESTE DE (HEMOLISE ACIDA)"," R$  6,42 ",,,,,,,,,,,,,,,,
,,"HEINZ, CORPUSCULOS, PESQUISA"," R$  8,70 ",,,,,,,,,,,,,,,,
,,"SANGUE OCULTO NAS FEZES, PESQUISA IMUNOLÓGICA"," R$  1,98 ",,,,,,,,,,,,,,,,
,,"HEMOGLOBINA, DOSAGEM"," R$  6,42 ",,,,,,,,,,,,,,,,
,,HEMOGLOBINA (ELETROFORESE) - PESQUISA E/OU DOSAGEM," R$  12,74 ",,,,,,,,,,,,,,,,
,,COOMBS DIRETO," R$  6,42 ",,,,,,,,,,,,,,,,
,,"GRUPO ABO, CLASSIFICACAO REVERSA - DETERMINACAO"," R$  4,34 ",,,,,,,,,,,,,,,,
,,"HEMOSSIDERINA (SIDEROCITOS), SANGUE OU URINA - PESQUISA E/OU DOSAGEM"," R$  2,22 ",,,,,,,,,,,,,,,,
,,"LEUCOCITOS, CONTAGEM"," R$  1,98 ",,,,,,,,,,,,,,,,
,,"META-HEMOGLOBINA, DETERMINACAO DA"," R$  8,54 ",,,,,,,,,,,,,,,,
,,"PLAQUETAS, TESTE DE AGREGACAO (POR AGENTE AGREGANTE), CADA"," R$  19,20 ",,,,,,,,,,,,,,,,
,,"PLASMINOGENIO, DOSAGEM"," R$  7,90 ",,,,,,,,,,,,,,,,
,,"PLASMODIO, PESQUISA"," R$  2,77 ",,,,,,,,,,,,,,,,
,,"MEDULA OSSEA, ASPIRACAO PARA MIELOGRAMA OU MICROBIOLOGICO"," R$  90,41 ",,,,,,,,,,,,,,,,
,,"GRUPO SANGUINEO ABO, E FATOR RHO (INCLUI DU) - DETERMINACAO"," R$  5,94 ",,,,,,,,,,,,,,,,
,,"HEMOGRAMA COM CONTAGEM DE PLAQUETAS OU FRACOES (ERITROGRAMA, LEUCOGRAMA, PLAQUETAS)"," R$  6,52 ",,,,,,,,,,,,,,,,
,,"PROTEINA S, TESTE FUNCIONAL"," R$  27,00 ",,,,,,,,,,,,,,,,
,,PROTOPORFIRINA ERITROCITARIA LIVRE - ZINCO - PESQUISA E/OU DOSAGEM," R$  11,88 ",,,,,,,,,,,,,,,,
,,PROVA DO LACO," R$  1,98 ",,,,,,,,,,,,,,,,
,,"RESISTENCIA GLOBULAR, CURVA DE"," R$  2,77 ",,,,,,,,,,,,,,,,
,,"RETICULOCITOS, CONTAGEM"," R$  2,77 ",,,,,,,,,,,,,,,,
,,RETRACAO DO COAGULO - PESQUISA," R$  1,98 ",,,,,,,,,,,,,,,,
,,"RISTOCETINA, CO-FATOR, TESTE FUNCIONAL, DOSAGEM"," R$  13,27 ",,,,,,,,,,,,,,,,
,,TEMPO DE COAGULACAO - DETERMINACAO," R$  1,98 ",,,,,,,,,,,,,,,,
,,"HEMOSSEDIMENTACAO, (VHS) - PESQUISA E/OU DOSAGEM"," R$  4,01 ",,,,,,,,,,,,,,,,
,,TEMPO DE SANGRAMENTO DE IVY - DETEMINACAO," R$  20,39 ",,,,,,,,,,,,,,,,
,,TEMPO DE TROMBINA - DETERMINACAO," R$  3,96 ",,,,,,,,,,,,,,,,
,,"PRODUTOS DE DEGRADACAO DA FIBRINA, QUALITATIVO - PESQUISA E/OU DOSAGEM"," R$  9,90 ",,,,,,,,,,,,,,,,
,,"TRIPANOSSOMA, PESQUISA"," R$  2,77 ",,,,,,,,,,,,,,,,
,,TROMBOELASTOGRAMA - PESQUISA E/OU DOSAGEM," R$  18,42 ",,,,,,,,,,,,,,,,
,,"ANTICORPO ANTIMIELOPEROXIDASE, MPO - PESQUISA E/OU DOSAGEM"," R$  89,52 ",,,,,,,,,,,,,,,,
,,FATOR VII - PESQUISA E/OU DOSAGEM," R$  6,58 ",,,,,,,,,,,,,,,,
,,"FATOR XIII, DOSAGEM, TESTE FUNCIONAL"," R$  8,70 ",,,,,,,,,,,,,,,,
,,PROTEINA C - PESQUISA E/OU DOSAGEM," R$  9,89 ",,,,,,,,,,,,,,,,
,,IMUNOFENOTIPAGEM PARA HEMOGLOBINURIA PAROXISTICA NOTURNA (*)," R$  246,18 ",,,,,,,,,,,,,,,,
,,IMUNOFENOTIPAGEM PARA LEUCEMIAS AGUDAS OU SINDROME MIELODISPLASICA (*)," R$  558,04 ",,,,,,,,,,,,,,,,
,,IMUNOFENOTIPAGEM PARA LINFOMA NAO HODGKIN / SINDROME LINFOPROLIFERATIVA CRONICA (*)," R$  178,98 ",,,,,,,,,,,,,,,,
,,"FATOR IX, DOSAGEM DO INIBIDOR"," R$  40,34 ",,,,,,,,,,,,,,,,
,,"INIBIDOR DOS FATORES DA HEMOSTASIA, TRIAGEM (COM DIRETRIZ DE UTILIZACAO DEFINIDA PELA ANS)"," R$  10,93 ",,,,,,,,,,,,,,,,
,,"PROTEINA S LIVRE, DOSAGEM"," R$  31,78 ",,,,,,,,,,,,,,,,
,,CONSUMO DE PROTROMBINA - PESQUISA E/OU DOSAGEM," R$  13,68 ",,,,,,,,,,,,,,,,
,,"ENZIMAS ERITROCITARIAS, RASTREIO PARA DEFICIENCIA"," R$  10,56 ",,,,,,,,,,,,,,,,
,,"HEMOGLOBINOPATIA - TRIAGEM (EL.HB., HEMOGLOB. FETAL. RETICULOCITOS, CORPOS DE H, T. FALCIZACAO HEMACIAS, RESIST. OSMOTICA, TERMO ESTABILIDADE)"," R$  29,68 ",,,,,,,,,,,,,,,,
,,"SULFO-HEMOGLOBINA, DETERMINACAO DA"," R$  2,77 ",,,,,,,,,,,,,,,,
,,COOMBS INDIRETO," R$  20,17 ",,,,,,,,,,,,,,,,
,,MIELOGRAMA," R$  27,00 ",,,,,,,,,,,,,,,,
,,TEMPO DE PROTROMBINA - DETERMINACAO," R$  3,83 ",,,,,,,,,,,,,,,,
,,TEMPO DE SANGRAMENTO (DUKE) - DETERMINACAO," R$  1,98 ",,,,,,,,,,,,,,,,
,,TEMPO DE TROMBOPLASTINA PARCIAL ATIVADA - DETERMINACAO," R$  3,83 ",,,,,,,,,,,,,,,,
,,"BACO, EXAME DE ESFREGACO DE ASPIRADO"," R$  68,11 ",,,,,,,,,,,,,,,,
,,"LINFONODO, EXAME DE ESFREGACO DE ASPIRADO"," R$  40,34 ",,,,,,,,,,,,,,,,
,,"1,25-DIHIDROXI VITAMINA D - PESQUISA E/OU DOSAGEM"," R$  59,62 ",,,,,,,,,,,,,,,,
,,VITAMINA D 25 HIDROXI  PESQUISA E OU DOSAGEM (VITAMINA D3)," R$  54,44 ",,,,,,,,,,,,,,,,
,,17-CETOSTEROIDES (17-CTS) - CROMATOGRAFIA - PESQUISA E/OU DOSAGEM," R$  26,03 ",,,,,,,,,,,,,,,,
,,17-CETOSTEROIDES RELACAO ALFA/BETA - PESQUISA E/OU DOSAGEM," R$  18,74 ",,,,,,,,,,,,,,,,
,,17-CETOSTEROIDES TOTAIS (17-CTS) - PESQUISA E/OU DOSAGEM," R$  18,74 ",,,,,,,,,,,,,,,,
,,17-HIDROXIPREGNENOLONA - PESQUISA E/OU DOSAGEM," R$  90,25 ",,,,,,,,,,,,,,,,
,,"ACIDO 5 HIDROXI INDOL ACETICO, DOSAGEM NA URINA"," R$  13,06 ",,,,,,,,,,,,,,,,
,,ACIDO HOMO VANILICO - PESQUISA E/OU DOSAGEM," R$  23,77 ",,,,,,,,,,,,,,,,
,,AMP CICLICO - PESQUISA E/OU DOSAGEM," R$  19,80 ",,,,,,,,,,,,,,,,
,,CORTISOL LIVRE - PESQUISA E/OU DOSAGEM," R$  16,34 ",,,,,,,,,,,,,,,,
,,CURVA GLICEMICA (6 DOSAGENS) - PESQUISA E/OU DOSAGEM," R$  14,12 ",,,,,,,,,,,,,,,,
,,CURVA INSULINICA (6 DOSAGENS) - PESQUISA E/OU DOSAGEM," R$  48,83 ",,,,,,,,,,,,,,,,
,,DOSAGEM DE RECEPTOR DE PROGESTERONA OU DE ESTROGENIO," R$  118,80 ",,,,,,,,,,,,,,,,
,,ENZIMA CONVERSORA DA ANGIOTENSINA (ECA) - PESQUISA E/OU DOSAGEM," R$  54,89 ",,,,,,,,,,,,,,,,
,,ERITROPOIETINA - PESQUISA E/OU DOSAGEM," R$  35,86 ",,,,,,,,,,,,,,,,
,,GAD-AB-ANTIDESCARBOXILASE DO ACIDO - PESQUISA E/OU DOSAGEM," R$  68,92 ",,,,,,,,,,,,,,,,
,,"GLUCAGON, DOSAGEM"," R$  41,04 ",,,,,,,,,,,,,,,,
,,HORMONIO ANTIDIURETICO (VASOPRESSINA) - PESQUISA E/OU DOSAGEM," R$  51,94 ",,,,,,,,,,,,,,,,
,,"IGF BP3 (PROTEINA LIGADORA DOS FATORES DE CRESCIMENTO ""INSULIN-LIKE"") - PESQUISA E/OU DOSAGEM"," R$  33,01 ",,,,,,,,,,,,,,,,
,,N-TELOPEPTIDEO - PESQUISA E/OU DOSAGEM," R$  47,92 ",,,,,,,,,,,,,,,,
,,PARATORMONIO - PTH OU FRACAO (CADA) - PESQUISA E/OU DOSAGEM," R$  39,60 ",,,,,,,,,,,,,,,,
,,PREGNANDIOL - PESQUISA E/OU DOSAGEM," R$  11,88 ",,,,,,,,,,,,,,,,
,,"PROVA DO LH-RH, DOSAGEM DO FSH SEM FORNECIMENTO DE MEDICAMENTO (CADA)"," R$  12,88 ",,,,,,,,,,,,,,,,
,,"PROVA DO LH-RH, DOSAGEM DO LH SEM FORNECIMENTO DE MEDICAMENTO (CADA)"," R$  12,88 ",,,,,,,,,,,,,,,,
,,"PROVA DO TRH-HPR, DOSAGEM DO HPR SEM FORNECIMENTO DO MATERIAL (CADA)"," R$  16,84 ",,,,,,,,,,,,,,,,
,,IMUNOFENOTIPAGEM PARA DOENCA RESIDUAL MINIMA (*)," R$  251,24 ",,,,,,,,,,,,,,,,
,,PROVA PARA DIABETE INSIPIDO (RESTRICAO HIDRICA NACL 3% VASOPRESSINA)," R$  68,92 ",,,,,,,,,,,,,,,,
,,ESTROGENIOS TOTAIS (FENOLESTEROIDES) - PESQUISA E/OU DOSAGEM," R$  20,17 ",,,,,,,,,,,,,,,,
,,"PROVAS DE FUNCAO TIREOIDEANA (T3, T4, INDICES E TSH)"," R$  29,68 ",,,,,,,,,,,,,,,,
,,"DESOXICORTICOSTERONA, DOSAGEM"," R$  23,35 ",,,,,,,,,,,,,,,,
,,DIMERO D - PESQUISA E/OU DOSAGEM (COM DIRETRIZ DE UTILIZACAO DEFINIDA PELA ANS)," R$  40,34 ",,,,,,,,,,,,,,,,
,,MACROPROLACTINA - PESQUISA E/OU DOSAGEM," R$  29,68 ",,,,,,,,,,,,,,,,
,,17-HIDROXICORTICOSTEROIDES (17-OHS) - PESQUISA E/OU DOSAGEM," R$  63,17 ",,,,,,,,,,,,,,,,
,,"ADENOVIRUS, IGG - PESQUISA E/OU DOSAGEM"," R$  13,27 ",,,,,,,,,,,,,,,,
,,"ADENOVIRUS, IGM - PESQUISA E/OU DOSAGEM"," R$  9,90 ",,,,,,,,,,,,,,,,
,,ANTICANDIDA - IGG E IGM (CADA) - PESQUISA E/OU DOSAGEM," R$  25,30 ",,,,,,,,,,,,,,,,
,,ANTI-ACTINA - PESQUISA E/OU DOSAGEM," R$  41,45 ",,,,,,,,,,,,,,,,
,,ANTI-DNA - PESQUISA E/OU DOSAGEM," R$  14,50 ",,,,,,,,,,,,,,,,
,,ANTI-JO1 - PESQUISA E/OU DOSAGEM," R$  28,67 ",,,,,,,,,,,,,,,,
,,ANTI-LA/SSB - PESQUISA E/OU DOSAGEM," R$  18,42 ",,,,,,,,,,,,,,,,
,,ANTI-LKM-1 - PESQUISA E/OU DOSAGEM," R$  29,34 ",,,,,,,,,,,,,,,,
,,ANTI-RNP - PESQUISA E/OU DOSAGEM," R$  18,43 ",,,,,,,,,,,,,,,,
,,ANTI-RO/SSA - PESQUISA E/OU DOSAGEM," R$  17,76 ",,,,,,,,,,,,,,,,
,,ANTI-SM - PESQUISA E/OU DOSAGEM," R$  18,43 ",,,,,,,,,,,,,,,,
,,ANTICARDIOLIPINA - IGA - PESQUISA E/OU DOSAGEM," R$  25,30 ",,,,,,,,,,,,,,,,
,,ANTICARDIOLIPINA - IGG - PESQUISA E/OU DOSAGEM," R$  20,92 ",,,,,,,,,,,,,,,,
,,ANTICARDIOLIPINA - IGM - PESQUISA E/OU DOSAGEM," R$  17,41 ",,,,,,,,,,,,,,,,
,,ANTICENTROMERO - PESQUISA E/OU DOSAGEM," R$  18,05 ",,,,,,,,,,,,,,,,
,,ANTICORPO ANTIVIRUS DA HEPATITE E (TOTAL) - PESQUISA E/OU DOSAGEM," R$  28,85 ",,,,,,,,,,,,,,,,
,,ANTICORPOS ANTI-ILHOTA DE LANGHERANS - PESQUISA E/OU DOSAGEM," R$  28,67 ",,,,,,,,,,,,,,,,
,,"ANTICORPOS ANTI-INFLUENZA A, IGM - PESQUISA E/OU DOSAGEM"," R$  25,30 ",,,,,,,,,,,,,,,,
,,"ANTICORPOS ANTI-INFLUENZA B, IGG - PESQUISA E/OU DOSAGEM"," R$  18,43 ",,,,,,,,,,,,,,,,
,,ANTICORPOS ANTIENDOMISIO -  IGA (CADA) - PESQUISA E/OU DOSAGEM," R$  33,38 ",,,,,,,,,,,,,,,,
,,"ANTICORPOS NATURAIS - ISOAGLUTININAS, PESQUISAS"," R$  7,92 ",,,,,,,,,,,,,,,,
,,"ANTICORPOS NATURAIS - ISOAGLUTININAS, TITULAGEM"," R$  7,92 ",,,,,,,,,,,,,,,,
,,ANTICORTEX SUPRA-RENAL - PESQUISA E/OU DOSAGEM," R$  13,86 ",,,,,,,,,,,,,,,,
,,ANTIESCLERODERMA (SCL 70) - PESQUISA E/OU DOSAGEM," R$  11,88 ",,,,,,,,,,,,,,,,
,,ANTIGLIADINA (GLUTEN) - IGA - PESQUISA E/OU DOSAGEM," R$  25,30 ",,,,,,,,,,,,,,,,
,,ANTIGLIADINA (GLUTEN) - IGG - PESQUISA E/OU DOSAGEM," R$  15,29 ",,,,,,,,,,,,,,,,
,,ANTIGLIADINA (GLUTEN) - IGM - PESQUISA E/OU DOSAGEM," R$  15,29 ",,,,,,,,,,,,,,,,
,,ANTIMEMBRANA BASAL - PESQUISA E/OU DOSAGEM," R$  22,38 ",,,,,,,,,,,,,,,,
,,ANTIMICROSSOMAL - PESQUISA E/OU DOSAGEM," R$  19,21 ",,,,,,,,,,,,,,,,
,,ANTIMITOCONDRIA - PESQUISA E/OU DOSAGEM," R$  18,05 ",,,,,,,,,,,,,,,,
,,"ANTIMITOCONDRIA, M2 - PESQUISA E/OU DOSAGEM"," R$  8,70 ",,,,,,,,,,,,,,,,
,,ANTIMUSCULO CARDIACO - PESQUISA E/OU DOSAGEM," R$  18,43 ",,,,,,,,,,,,,,,,
,,ANTIMUSCULO ESTRIADO - PESQUISA E/OU DOSAGEM," R$  18,43 ",,,,,,,,,,,,,,,,
,,ANTIMUSCULO LISO - PESQUISA E/OU DOSAGEM," R$  18,43 ",,,,,,,,,,,,,,,,
,,ANTINEUTROFILOS (ANCA) C - PESQUISA E/OU DOSAGEM," R$  8,70 ",,,,,,,,,,,,,,,,
,,ANTINEUTROFILOS (ANCA) P - PESQUISA E/OU DOSAGEM," R$  25,30 ",,,,,,,,,,,,,,,,
,,ANTIPARIETAL - PESQUISA E/OU DOSAGEM," R$  18,43 ",,,,,,,,,,,,,,,,
,,ANTIPEROXIDASE TIREOIDEANA - PESQUISA E/OU DOSAGEM," R$  35,95 ",,,,,,,,,,,,,,,,
,,ASLO - PESQUISA E/OU DOSAGEM," R$  17,41 ",,,,,,,,,,,,,,,,
,,"ASPERGILUS, REACAO SOROLOGICA"," R$  15,84 ",,,,,,,,,,,,,,,,
,,"PROVA DO TRH-TSH, DOSAGEM DO TSH SEM FORNECIMENTO DO MATERIAL (CADA)"," R$  16,84 ",,,,,,,,,,,,,,,,
,,BETA-2-MICROGLOBULINA - PESQUISA E/OU DOSAGEM," R$  29,70 ",,,,,,,,,,,,,,,,
,,"BIOTINIDASE ATIVIDADE DA, QUALITATIVO - PESQUISA E/OU DOSAGEM"," R$  14,80 ",,,,,,,,,,,,,,,,
,,"BLASTOMICOSE, REACAO SOROLOGICA"," R$  100,15 ",,,,,,,,,,,,,,,,
,,BRUCELA - IGG - PESQUISA E/OU DOSAGEM," R$  86,00 ",,,,,,,,,,,,,,,,
,,BRUCELA - IGM - PESQUISA E/OU DOSAGEM," R$  18,48 ",,,,,,,,,,,,,,,,
,,C1Q - PESQUISA E/OU DOSAGEM," R$  18,48 ",,,,,,,,,,,,,,,,
,,C3 PROATIVADOR - PESQUISA E/OU DOSAGEM," R$  28,49 ",,,,,,,,,,,,,,,,
,,C3A (FATOR B) - PESQUISA E/OU DOSAGEM," R$  28,49 ",,,,,,,,,,,,,,,,
,,"CAXUMBA, IGG - PESQUISA E/OU DOSAGEM"," R$  25,48 ",,,,,,,,,,,,,,,,
,,"CAXUMBA, IGM - PESQUISA E/OU DOSAGEM"," R$  14,53 ",,,,,,,,,,,,,,,,
,,CHAGAS IGG - PESQUISA E/OU DOSAGEM," R$  31,85 ",,,,,,,,,,,,,,,,
,,CHAGAS IGM - PESQUISA E/OU DOSAGEM," R$  17,41 ",,,,,,,,,,,,,,,,
,,CHLAMYDIA - IGG - PESQUISA E/OU DOSAGEM," R$  19,64 ",,,,,,,,,,,,,,,,
,,CHLAMYDIA - IGM - PESQUISA E/OU DOSAGEM," R$  19,64 ",,,,,,,,,,,,,,,,
,,"CISTICERCOSE, AC - PESQUISA E/OU DOSAGEM"," R$  30,79 ",,,,,,,,,,,,,,,,
,,CITOMEGALOVIRUS IGG - PESQUISA E/OU DOSAGEM," R$  16,93 ",,,,,,,,,,,,,,,,
,,CITOMEGALOVIRUS IGM - PESQUISA E/OU DOSAGEM," R$  14,53 ",,,,,,,,,,,,,,,,
,,"CLOSTRIDIUM DIFFICILE, TOXINA A-B - PESQUISA E/OU DOSAGEM"," R$  31,51 ",,,,,,,,,,,,,,,,
,,COMPLEMENTO C2 - PESQUISA E/OU DOSAGEM," R$  4,34 ",,,,,,,,,,,,,,,,
,,COMPLEMENTO C3 - PESQUISA E/OU DOSAGEM," R$  22,36 ",,,,,,,,,,,,,,,,
,,COMPLEMENTO C4 - PESQUISA E/OU DOSAGEM," R$  14,28 ",,,,,,,,,,,,,,,,
,,COMPLEMENTO CH-100 - PESQUISA E/OU DOSAGEM," R$  10,93 ",,,,,,,,,,,,,,,,
,,COMPLEMENTO CH-50 - PESQUISA E/OU DOSAGEM," R$  11,87 ",,,,,,,,,,,,,,,,
,,"CRIO-AGLUTININA, GLOBULINA, DOSAGEM, CADA"," R$  12,07 ",,,,,,,,,,,,,,,,
,,"CRIO-AGLUTININA, GLOBULINA, PESQUISA, CADA"," R$  7,32 ",,,,,,,,,,,,,,,,
,,"CULTURA OU ESTIMULACAO DOS LINFOCITOS ""IN VITRO"" POR CONCANAVALINA, PHA OU POKWEED"," R$  38,16 ",,,,,,,,,,,,,,,,
,,DENGUE - IGG E IGM (CADA) - PESQUISA E/OU DOSAGEM," R$  28,67 ",,,,,,,,,,,,,,,,
,,ECHOVIRUS (PAINEL) SOROLOGIA PARA," R$  77,38 ",,,,,,,,,,,,,,,,
,,"EQUINOCOCOSE (HIDATIDOSE), REACAO SOROLOGICA"," R$  11,87 ",,,,,,,,,,,,,,,,
,,"FATOR ANTINUCLEO, (FAN) - PESQUISA E/OU DOSAGEM"," R$  12,07 ",,,,,,,,,,,,,,,,
,,"FATOR REUMATOIDE, QUANTITATIVO - PESQUISA E/OU DOSAGEM"," R$  11,87 ",,,,,,,,,,,,,,,,
,,FILARIA SOROLOGIA - PESQUISA E/OU DOSAGEM," R$  211,28 ",,,,,,,,,,,,,,,,
,,GENOTIPAGEM DO SISTEMA HLA," R$  59,40 ",,,,,,,,,,,,,,,,
,,"GIARDIA, REACAO SOROLOGICA"," R$  74,18 ",,,,,,,,,,,,,,,,
,,HELICOBACTER PYLORI - IGG - PESQUISA E/OU DOSAGEM," R$  25,34 ",,,,,,,,,,,,,,,,
,,HELICOBACTER PYLORI - IGM - PESQUISA E/OU DOSAGEM," R$  21,76 ",,,,,,,,,,,,,,,,
,,HEPATITE A - HAV - IGG - PESQUISA E/OU DOSAGEM," R$  18,42 ",,,,,,,,,,,,,,,,
,,HEPATITE A - HAV - IGM - PESQUISA E/OU DOSAGEM," R$  20,17 ",,,,,,,,,,,,,,,,
,,"AVIDEZ DE IGG PARA TOXOPLASMOSE, CITOMEGALIA, RUBELOA, EB E OUTROS, CADA - PESQUISA E/OU DOSAGEM (COM DIRETRIZ DE UTILIZACAO DEFINIDA PELA ANS)"," R$  33,88 ",,,,,,,,,,,,,,,,
,,HEPATITE B - HBCAC - IGG (ANTI-CORE IGG OU ACOREG) - PESQUISA E/OU DOSAGEM," R$  23,35 ",,,,,,,,,,,,,,,,
,,HEPATITE B - HBCAC - IGM (ANTI-CORE IGM OU ACOREM) - PESQUISA E/OU DOSAGEM," R$  20,17 ",,,,,,,,,,,,,,,,
,,"HEPATITE B - HBEAG (ANTIGENO ""E"") - PESQUISA E/OU DOSAGEM"," R$  23,50 ",,,,,,,,,,,,,,,,
,,HEPATITE B - HBEAC (ANTI HBE) - PESQUISA E/OU DOSAGEM," R$  23,50 ",,,,,,,,,,,,,,,,
,,HEPATITE B - HBSAC (ANTI-ANTIGENO DE SUPERFICIE) - PESQUISA E/OU DOSAGEM," R$  17,81 ",,,,,,,,,,,,,,,,
,,"HEPATITE B - HBSAG (AU, ANTIGENO AUSTRALIA) - PESQUISA E/OU DOSAGEM"," R$  15,29 ",,,,,,,,,,,,,,,,
,,HEPATITE C - ANTI-HCV - PESQUISA E/OU DOSAGEM," R$  25,48 ",,,,,,,,,,,,,,,,
,,"HEPATITE DELTA, ANTICORPO IGG - PESQUISA E/OU DOSAGEM"," R$  39,60 ",,,,,,,,,,,,,,,,
,,"HEPATITE DELTA, ANTICORPO IGM - PESQUISA E/OU DOSAGEM"," R$  45,89 ",,,,,,,,,,,,,,,,
,,HERPES SIMPLES - IGG - PESQUISA E/OU DOSAGEM," R$  17,32 ",,,,,,,,,,,,,,,,
,,HERPES SIMPLES - IGM - PESQUISA E/OU DOSAGEM," R$  14,86 ",,,,,,,,,,,,,,,,
,,HERPES ZOSTER - IGG - PESQUISA E/OU DOSAGEM," R$  19,80 ",,,,,,,,,,,,,,,,
,,HERPES ZOSTER - IGM - PESQUISA E/OU DOSAGEM," R$  23,76 ",,,,,,,,,,,,,,,,
,,"HIPERSENSIBILIDADE RETARDADA (INTRADERMO REACAO IDER ) CANDIDINA, CAXUMBA, ESTREPTOQUINASE-DORNASE, PPD, TRICOFITINA, VIRUS VACINAL, OUTRO(S), CADA"," R$  5,35 ",,,,,,,,,,,,,,,,
,,HISTONA - PESQUISA E/OU DOSAGEM," R$  35,86 ",,,,,,,,,,,,,,,,
,,"HISTOPLASMOSE, REACAO SOROLOGICA"," R$  30,78 ",,,,,,,,,,,,,,,,
,,HEPATITE C - ANTI-HCV - IGM - PESQUISA E/OU DOSAGEM," R$  29,68 ",,,,,,,,,,,,,,,,
,,HIV - ANTIGENO P24 - PESQUISA E/OU DOSAGEM," R$  50,16 ",,,,,,,,,,,,,,,,
,,"HIV1 OU HIV2, PESQUISA DE ANTICORPOS"," R$  29,70 ",,,,,,,,,,,,,,,,
,,HLA-DR - PESQUISA E/OU DOSAGEM," R$  30,79 ",,,,,,,,,,,,,,,,
,,HLA-DR+DQ - PESQUISA E/OU DOSAGEM," R$  84,07 ",,,,,,,,,,,,,,,,
,,"HIV1+ HIV2, (DETERMINACAO CONJUNTA), PESQUISA DE ANTICORPOS"," R$  39,60 ",,,,,,,,,,,,,,,,
,,IGA - PESQUISA E/OU DOSAGEM," R$  9,90 ",,,,,,,,,,,,,,,,
,,"IGE, POR ALERGENO (CADA) - PESQUISA E/OU DOSAGEM"," R$  19,00 ",,,,,,,,,,,,,,,,
,,IGD - PESQUISA E/OU DOSAGEM," R$  16,50 ",,,,,,,,,,,,,,,,
,,"IGE, GRUPO ESPECIFICO, CADA - PESQUISA E/OU DOSAGEM"," R$  19,04 ",,,,,,,,,,,,,,,,
,,"IGE, POR ALERGENO (CADA) - PESQUISA E/OU DOSAGEM"," R$  19,04 ",,,,,,,,,,,,,,,,
,,"IGE, TOTAL - PESQUISA E/OU DOSAGEM"," R$  13,86 ",,,,,,,,,,,,,,,,
,,IGG - PESQUISA E/OU DOSAGEM," R$  11,88 ",,,,,,,,,,,,,,,,
,,"IGG, SUBCLASSES 1,2,3,4 (CADA) - PESQUISA E/OU DOSAGEM"," R$  24,76 ",,,,,,,,,,,,,,,,
,,IGM - PESQUISA E/OU DOSAGEM," R$  11,88 ",,,,,,,,,,,,,,,,
,,IMUNOELETROFORESE (ESTUDO DA GAMOPATIA) - PESQUISA E/OU DOSAGEM," R$  30,23 ",,,,,,,,,,,,,,,,
,,INIBIDOR DE C1 ESTERASE - PESQUISA E/OU DOSAGEM," R$  18,44 ",,,,,,,,,,,,,,,,
,,"ISOSPORA, PESQUISA DE ANTIGENO - PESQUISA E/OU DOSAGEM"," R$  8,21 ",,,,,,,,,,,,,,,,
,,LEGIONELLA - IGG E IGM (CADA) - PESQUISA E/OU DOSAGEM," R$  46,20 ",,,,,,,,,,,,,,,,
,,LEISHMANIOSE - IGG E IGM (CADA) - PESQUISA E/OU DOSAGEM," R$  11,88 ",,,,,,,,,,,,,,,,
,,LEPTOSPIROSE - IGG - PESQUISA E/OU DOSAGEM," R$  17,04 ",,,,,,,,,,,,,,,,
,,LEPTOSPIROSE - IGM - PESQUISA E/OU DOSAGEM," R$  14,63 ",,,,,,,,,,,,,,,,
,,"LEPTOSPIROSE, AGLUTINACAO - PESQUISA"," R$  18,05 ",,,,,,,,,,,,,,,,
,,LINFOCITOS T HELPER CONTAGEM DE (IF COM OKT-4) (CD-4+) CITOMETRIA DE FLUXO," R$  37,01 ",,,,,,,,,,,,,,,,
,,LINFOCITOS T SUPRESSORES CONTAGEM DE (IF COM OKT-8) (D-8) CITOMETRIA DE FLUXO," R$  40,34 ",,,,,,,,,,,,,,,,
,,"LISTERIOSE, REACAO SOROLOGICA"," R$  18,42 ",,,,,,,,,,,,,,,,
,,LYME - IGG - PESQUISA E/OU DOSAGEM," R$  4,34 ",,,,,,,,,,,,,,,,
,,LYME - IGM - PESQUISA E/OU DOSAGEM," R$  33,88 ",,,,,,,,,,,,,,,,
,,MALARIA - IGG - PESQUISA E/OU DOSAGEM," R$  3,50 ",,,,,,,,,,,,,,,,
,,MALARIA - IGM - PESQUISA E/OU DOSAGEM," R$  28,13 ",,,,,,,,,,,,,,,,
,,MICOPLASMA PNEUMONIAE - IGG - PESQUISA E/OU DOSAGEM," R$  13,27 ",,,,,,,,,,,,,,,,
,,MICOPLASMA PNEUMONIAE - IGM - PESQUISA E/OU DOSAGEM," R$  19,80 ",,,,,,,,,,,,,,,,
,,MONONUCLEOSE - EPSTEIN BARR - IGG - PESQUISA E/OU DOSAGEM," R$  14,71 ",,,,,,,,,,,,,,,,
,,"MONONUCLEOSE, ANTI-VCA (EBV) IGG - PESQUISA E/OU DOSAGEM"," R$  22,36 ",,,,,,,,,,,,,,,,
,,"MONONUCLEOSE, ANTI-VCA (EBV) IGM - PESQUISA E/OU DOSAGEM"," R$  29,70 ",,,,,,,,,,,,,,,,
,,"PARVOVIRUS - IGG, IGM (CADA) - PESQUISA E/OU DOSAGEM"," R$  76,66 ",,,,,,,,,,,,,,,,
,,"PEPTIDIO INTESTINAL VASOATIVO, DOSAGEM"," R$  149,51 ",,,,,,,,,,,,,,,,
,,"PPD (TUBERCULINA), IDER"," R$  3,07 ",,,,,,,,,,,,,,,,
,,"REACAO SOROLOGICA PARA COXSACKIE, NEUTRALIZACAO IGG"," R$  12,54 ",,,,,,,,,,,,,,,,
,,HTLV1 OU HTLV2 PESQUISA DE ANTICORPO (CADA)," R$  29,68 ",,,,,,,,,,,,,,,,
,,RUBEOLA - IGG - PESQUISA E/OU DOSAGEM," R$  15,22 ",,,,,,,,,,,,,,,,
,,SCHISTOSOMOSE - IGG - PESQUISA E/OU DOSAGEM," R$  5,35 ",,,,,,,,,,,,,,,,
,,SCHISTOSOMOSE - IGM - PESQUISA E/OU DOSAGEM," R$  16,40 ",,,,,,,,,,,,,,,,
,,RUBEOLA - IGM - PESQUISA E/OU DOSAGEM," R$  12,94 ",,,,,,,,,,,,,,,,
,,SIFILIS - FTA-ABS-IGG - PESQUISA," R$  7,66 ",,,,,,,,,,,,,,,,
,,SIFILIS - FTA-ABS-IGM - PESQUISA," R$  10,63 ",,,,,,,,,,,,,,,,
,,SIFILIS - TPHA - PESQUISA," R$  5,35 ",,,,,,,,,,,,,,,,
,,TOXOCARA CANNIS - IGG - PESQUISA E/OU DOSAGEM," R$  35,86 ",,,,,,,,,,,,,,,,
,,TOXOCARA CANNIS - IGM - PESQUISA E/OU DOSAGEM," R$  25,21 ",,,,,,,,,,,,,,,,
,,SIFILIS - VDRL," R$  5,06 ",,,,,,,,,,,,,,,,
,,TOXOPLASMOSE IGM - PESQUISA E/OU DOSAGEM," R$  6,94 ",,,,,,,,,,,,,,,,
,,"UREASE, TESTE RAPIDO PARA HELICOBACTER PYLORI"," R$  3,96 ",,,,,,,,,,,,,,,,
,,VIRUS SINCICIAL RESPIRATORIO - ELISA - IGG - PESQUISA E/OU DOSAGEM," R$  29,70 ",,,,,,,,,,,,,,,,
,,WAALER-ROSE (FATOR REUMATOIDE) - PESQUISA E/OU DOSAGEM," R$  5,06 ",,,,,,,,,,,,,,,,
,,WESTERN BLOT (ANTICORPOS ANTI-HIV) - PESQUISA E/OU DOSAGEM," R$  40,34 ",,,,,,,,,,,,,,,,
,,WESTERN BLOT (ANTICORPOS ANTI-HTVI OU HTLVII) (CADA) - PESQUISA E/OU DOSAGEM," R$  4,34 ",,,,,,,,,,,,,,,,
,,ALERGENOS - PERFIL ANTIGENICO (PAINEL C/36 ANTIGENOS) - PESQUISA E/OU DOSAGEM," R$  138,60 ",,,,,,,,,,,,,,,,
,,"ANTIFIGADO (GLOMERULO, TUB. RENAL CORTE RIM DE RATO), IFI - PESQUISA E/OU DOSAGEM"," R$  86,29 ",,,,,,,,,,,,,,,,
,,"CHAGAS, HEMOAGLUTINACAO"," R$  10,93 ",,,,,,,,,,,,,,,,
,,CHAGAS (MACHADO GUERREIRO)," R$  18,42 ",,,,,,,,,,,,,,,,
,,"COMPLEMENTO C3, C4 - TURBID. OU NEFOLOMETRICO C3A - PESQUISA E/OU DOSAGEM"," R$  10,93 ",,,,,,,,,,,,,,,,
,,"CRIOGLOBULINAS, CARACTERIZACAO - IMUNOELETROFORESE"," R$  18,42 ",,,,,,,,,,,,,,,,
,,DNCB - TESTE DE CONTATO," R$  33,67 ",,,,,,,,,,,,,,,,
,,"FATOR REUMATOIDE, TESTE DO LATEX (QUALITATIVO) - PESQUISA"," R$  12,64 ",,,,,,,,,,,,,,,,
,,NBT ESTIMULADO," R$  22,57 ",,,,,,,,,,,,,,,,
,,SARAMPO - ANTICORPOS IGG - PESQUISA E/OU DOSAGEM," R$  2,22 ",,,,,,,,,,,,,,,,
,,SARAMPO - ANTICORPOS IGM - PESQUISA E/OU DOSAGEM," R$  33,38 ",,,,,,,,,,,,,,,,
,,TOXOPLASMOSE - IGA - PESQUISA E/OU DOSAGEM," R$  21,14 ",,,,,,,,,,,,,,,,
,,"VARICELA, IGG - PESQUISA E/OU DOSAGEM"," R$  16,93 ",,,,,,,,,,,,,,,,
,,"VARICELA, IGM - PESQUISA E/OU DOSAGEM"," R$  14,53 ",,,,,,,,,,,,,,,,
,,SIFILIS IGM - PESQUISA E/OU DOSAGEM," R$  20,00 ",,,,,,,,,,,,,,,,
,,"AMEBIASE, IGG - PESQUISA E/OU DOSAGEM"," R$  22,03 ",,,,,,,,,,,,,,,,
,,"MONONUCLEOSE, SOROLOGIA PARA (MONOTESTE OU PAUL-BUNNEL), CADA"," R$  5,35 ",,,,,,,,,,,,,,,,
,,"PROTEINA C REATIVA, QUALITATIVA - PESQUISA"," R$  8,48 ",,,,,,,,,,,,,,,,
,,"PROTEINA C REATIVA, QUANTITATIVA - PESQUISA E/OU DOSAGEM"," R$  13,27 ",,,,,,,,,,,,,,,,
,,"ASLO, QUANTITATIVO - PESQUISA E/OU DOSAGEM"," R$  16,63 ",,,,,,,,,,,,,,,,
,,"PARACOCCIDIOIDOMICOSE, ANTICORPOS TOTAIS / IGG - PESQUISA E/OU DOSAGEM"," R$  42,97 ",,,,,,,,,,,,,,,,
,,ANTICORPOS ANTIPNEUMOCOCOS," R$  65,40 ",,,,,,,,,,,,,,,,
,,ANTI TRANSGLUTAMINASE TECIDUAL - IGA," R$  28,66 ",,,,,,,,,,,,,,,,
,,ANTICORPOS ANTI PEPTIDEO CICLICO CITRULINADO - IGG," R$  19,80 ",,,,,,,,,,,,,,,,
,,"ACETILCOLINA, ANTICORPOS BLOQUEADOR RECEPTOR"," R$  413,29 ",,,,,,,,,,,,,,,,
,,ADENOSINA DE AMINASE (ADA) - PESQUISA E/OU DOSAGEM EM LIQUIDOS ORGANICOS," R$  16,06 ",,,,,,,,,,,,,,,,
,,BIOQUIMICA ICR (PROTEINAS + PANDY + GLICOSE + CLORO) - PESQUISA E/OU DOSAGEM EM LIQUIDOS ORGANICOS," R$  9,31 ",,,,,,,,,,,,,,,,
,,"CELULAS, CONTAGEM TOTAL E ESPECIFICA - PESQUISA E/OU DOSAGEM EM LIQUIDOS ORGANICOS"," R$  7,93 ",,,,,,,,,,,,,,,,
,,"CRIPTOCOCOSE, CANDIDA, ASPERGILUS (LATEX) - PESQUISA E/OU DOSAGEM EM LIQUIDOS ORGANICOS"," R$  18,43 ",,,,,,,,,,,,,,,,
,,"ELETROFORESE DE PROTEINAS NO LIQUOR, COM CONCENTRACAO - PESQUISA E/OU DOSAGEM EM LIQUIDOS ORGANICOS"," R$  22,97 ",,,,,,,,,,,,,,,,
,,"H. INFLUENZAE, S. PNEUMONIEAE, N. MENINGITIDIS A, B E C W135 (CADA) - PESQUISA E/OU DOSAGEM EM LIQUIDOS ORGANICOS"," R$  22,97 ",,,,,,,,,,,,,,,,
,,HAEMOPHILUS INFLUENZAE - PESQUISA DE ANTICORPOS (CADA)- PESQUISA E/OU DOSAGEM EM LIQUIDOS ORGANICOS," R$  22,97 ",,,,,,,,,,,,,,,,
,,INDICE DE IMUNOPRODUCAO (ELETROF. E IGG EM SORO E LIQUOR) - PESQUISA E/OU DOSAGEM," R$  10,93 ",,,,,,,,,,,,,,,,
,,LCR AMBULATORIAL ROTINA (ASPECTOS COR + INDICE DE COR + CONTAGEM GLOBAL E ESPECIFICA DE LEUCOCITOS E HEMACIAS + CITOLOGIA ONCOTICA + PROTEINA + GLICOSE + CLORO + ELETROFORESE COM CONCENTRACAO + IGG +," R$  17,82 ",,,,,,,,,,,,,,,,
,,LCR HOSPITALAR NEUROLOGIA (ASPECTOS COR + INDICES DE COR + CONTAGEM GLOBAL E ESPECIFICA DE LEUCOCITOS E HEMACIAS + PROTEINA + GLICOSE + CLORO + REACOES PARA NEUROCISTICERCOSE (2) + REACOES PARA NEUROL," R$  118,14 ",,,,,,,,,,,,,,,,
,,LCR PRONTO SOCORRO (ASPECTOS COR + INDICE DE COR + CONTAGEM GLOBAL E ESPECIFICA DE LEUCOCITOS E HEMACIAS + PROTEINA + GLICOSE + CLORO + LACTATO + BACTERIOSCOPIA + CULTURA + LATEX PARA BACTERIAS)," R$  89,39 ",,,,,,,,,,,,,,,,
,,PESQUISA DE BANDAS OLIGOCLONAIS POR ISOFOCALIZACAO - PESQUISA E/OU DOSAGEM EM LIQUIDOS ORGANICOS," R$  21,76 ",,,,,,,,,,,,,,,,
,,"PROTEINA MIELINA BASICA, ANTICORPO ANTI - PESQUISA E/OU DOSAGEM EM LIQUIDOS ORGANICOS"," R$  49,50 ",,,,,,,,,,,,,,,,
,,PUNCAO LOMBAR COM MANOMETRIA PARA COLETA DE LIQUIDO CEFALORRAQUEANO," R$  54,04 ",,,,,,,,,,,,,,,,
,,ANTICORPO ANTIESPERMATOZOIDE - PESQUISA E/OU DOSAGEM EM LIQUIDOS ORGANICOS," R$  5,94 ",,,,,,,,,,,,,,,,
,,"ESPERMOGRAMA (CARACTERES FISICOS, PH, FLUDIFICACAO, MOTILIDADE, VITALIDADE, CONTAGEM E MORFOLOGIA)"," R$  32,77 ",,,,,,,,,,,,,,,,
,,"ESPERMOGRAMA E TESTE DE PENETRACAO ""IN VITRO"", VELOCIDADE PENETRACAO VERTICAL, COLOCACAO VITAL, TESTE DE REVITALIZACAO"," R$  32,77 ",,,,,,,,,,,,,,,,
,,"CLEMENTS, TESTE"," R$  5,41 ",,,,,,,,,,,,,,,,
,,ESPECTROFOTOMETRIA DE LIQUIDO AMNIOTICO," R$  3,96 ",,,,,,,,,,,,,,,,
,,FOSFOLIPIDIOS (RELACAO LECITINA/ESFINGOMIELINA) - PESQUISA E/OU DOSAGEM EM LIQUIDOS ORGANICOS," R$  3,29 ",,,,,,,,,,,,,,,,
,,MATURIDADE PULMONAR FETAL - PESQUISA E/OU DOSAGEM EM LIQUIDOS ORGANICOS," R$  21,78 ",,,,,,,,,,,,,,,,
,,"ROTINA DO LIQUIDO AMNIOTICO-AMNIOGRAMA (CITOLOGICO ESPECTROFOTOMETRIA, CREATININA E TESTE DE CLEMENTS)"," R$  4,34 ",,,,,,,,,,,,,,,,
,,CRISTAIS COM LUZ POLARIZADA - PESQUISA E/OU DOSAGEM EM LIQUIDOS ORGANICOS," R$  8,45 ",,,,,,,,,,,,,,,,
,,"RAGOCITOS, PESQUISA"," R$  1,98 ",,,,,,,,,,,,,,,,
,,"ROTINA LIQUIDO SINOVIAL - CARACTERES FISICOS, CITOLOGIA, PROTEINAS, ACIDO URICO, LATEX P/ F.R., BACT."," R$  13,27 ",,,,,,,,,,,,,,,,
,,"A FRESCO, EXAME"," R$  3,07 ",,,,,,,,,,,,,,,,
,,"ANTIBIOGRAMA (TESTE DE SENSIBILIDADE E ANTIBIOTICOS E QUIMIOTERAPICOS), POR BACTERIA - NAO AUTOMATIZADO"," R$  3,96 ",,,,,,,,,,,,,,,,
,,ANTIBIOGRAMA P/ BACILOS ALCOOL-RESISTENTES - DROGAS DE 2 LINHAS," R$  32,77 ",,,,,,,,,,,,,,,,
,,"ANTIGENOS FUNGICOS, PESQUISA"," R$  29,08 ",,,,,,,,,,,,,,,,
,,"B.A.A.R. (ZIEHL OU FLUORESCENCIA, PESQUISA DIRETA E APOS HOMOGENEIZACAO) - PESQUISA"," R$  7,24 ",,,,,,,,,,,,,,,,
,,"BACTERIOSCOPIA (GRAM, ZIEHL, ALBERT ETC), POR LAMINA"," R$  14,83 ",,,,,,,,,,,,,,,,
,,"CHLAMYDIA, CULTURA"," R$  17,82 ",,,,,,,,,,,,,,,,
,,COLERA - IDENTIFICACAO (SOROTIPAGEM INCLUIDA)," R$  26,11 ",,,,,,,,,,,,,,,,
,,"CORPUSCULOS DE DONOVANI, PESQUISA DIRETA DE"," R$  7,24 ",,,,,,,,,,,,,,,,
,,"CRIPTOCOCO (TINTA DA CHINA), PESQUISA DE"," R$  7,24 ",,,,,,,,,,,,,,,,
,,"CRIPTOSPORIDIUM, PESQUISA"," R$  7,24 ",,,,,,,,,,,,,,,,
,,CULTURA BACTERIANA (EM DIVERSOS MATERIAIS BIOLOGICOS)," R$  12,74 ",,,,,,,,,,,,,,,,
,,CULTURA PARA BACTERIAS ANAEROBICAS," R$  29,17 ",,,,,,,,,,,,,,,,
,,CULTURA PARA FUNGOS," R$  12,74 ",,,,,,,,,,,,,,,,
,,CULTURA PARA MYCOBACTERIUM," R$  10,94 ",,,,,,,,,,,,,,,,
,,"CULTURA QUANTITATIVA DE SECRECOES PULMONARES, QUANDO NECESSITAR TRATAMENTO PREVIO C/ N.C.A."," R$  29,17 ",,,,,,,,,,,,,,,,
,,"CULTURA, FEZES: SALMONELA, SHIGELLAE E ESC. COLI ENTEROPATOGENICAS, ENTEROINVASORA (SOROL. INCLUIDA) + CAMPYLOBACTER SP. + E. COLI ENTERO-HEMORRAGICA"," R$  9,00 ",,,,,,,,,,,,,,,,
,,"CULTURA, FEZES: SALMONELLA, SHIGELLA E ESCHERICHIA COLI ENTEROPATOGENICAS (SOROLOGIA INCLUIDA)"," R$  29,17 ",,,,,,,,,,,,,,,,
,,"CULTURA, HERPESVIRUS OU OUTRO"," R$  35,23 ",,,,,,,,,,,,,,,,
,,"CULTURA, MICOPLASMA OU UREAPLASMA"," R$  16,93 ",,,,,,,,,,,,,,,,
,,"CULTURA, URINA COM CONTAGEM DE COLONIAS"," R$  14,53 ",,,,,,,,,,,,,,,,
,,"ESTREPTOCOCOS - A, TESTE RAPIDO"," R$  20,17 ",,,,,,,,,,,,,,,,
,,"FUNGOS, PESQUISA DE (A FRESCO LACTOFENOL, TINTA DA CHINA)"," R$  7,24 ",,,,,,,,,,,,,,,,
,,HEMOCULTURA (POR AMOSTRA)," R$  9,90 ",,,,,,,,,,,,,,,,
,,HEMOCULTURA AUTOMATIZADA (POR AMOSTRA)," R$  11,56 ",,,,,,,,,,,,,,,,
,,HEMOCULTURA PARA BACTERIAS ANAEROBIAS (POR AMOSTRA)," R$  14,83 ",,,,,,,,,,,,,,,,
,,HEMOPHILUS (BORDETELLA) PERTUSSIS - PESQUISA," R$  6,58 ",,,,,,,,,,,,,,,,
,,"HANSEN, PESQUISA DE (POR MATERIAL)"," R$  7,24 ",,,,,,,,,,,,,,,,
,,LEPTOSPIRA (CAMPO ESCURO APOS CONCENTRACAO) PESQUISA," R$  7,24 ",,,,,,,,,,,,,,,,
,,"MICROORGANISMOS - TESTE DE SENSIBILIDADE A DROGAS MIC, POR DROGA TESTADA"," R$  41,26 ",,,,,,,,,,,,,,,,
,,"PARACOCCIDIOIDES, PESQUISA DE"," R$  3,96 ",,,,,,,,,,,,,,,,
,,"PNEUMOCYSTI CARINII, PESQUISA POR COLORACAO ESPECIAL"," R$  15,16 ",,,,,,,,,,,,,,,,
,,"ROTAVIRUS, PESQUISA, ELISA"," R$  12,74 ",,,,,,,,,,,,,,,,
,,TREPONEMA (CAMPO ESCURO) - PESQUISA," R$  3,96 ",,,,,,,,,,,,,,,,
,,CITOMEGALOVIRUS - SHELL VIAL - PESQUISA," R$  180,60 ",,,,,,,,,,,,,,,,
,,"MICROSPORIDIA, PESQUISA NAS FEZES"," R$  7,24 ",,,,,,,,,,,,,,,,
,,"SARCOPTES SCABEI, PESQUISA"," R$  5,14 ",,,,,,,,,,,,,,,,
,,CULTURA AUTOMATIZADA - MICROBIOLOGIA," R$  11,88 ",,,,,,,,,,,,,,,,
,,ANTIBIOGRAMA AUTOMATIZADO," R$  17,82 ",,,,,,,,,,,,,,,,
,,"LEISHMANIA, PESQUISA - PESQUISA"," R$  5,94 ",,,,,,,,,,,,,,,,
,,ANTIFUNGIGRAMA," R$  45,14 ",,,,,,,,,,,,,,,,
,,ACIDO CITRICO - PESQUISA E/OU DOSAGEM NA URINA," R$  20,95 ",,,,,,,,,,,,,,,,
,,ACIDO HOMOGENTISICO - PESQUISA E/OU DOSAGEM NA URINA," R$  10,87 ",,,,,,,,,,,,,,,,
,,ALCAPTONURIA - PESQUISA E/OU DOSAGEM NA URINA," R$  2,98 ",,,,,,,,,,,,,,,,
,,CALCULOS URINARIOS - ANALISE," R$  18,73 ",,,,,,,,,,,,,,,,
,,"CATECOLAMINAS FRACIONADAS - DOPAMINA, EPINEFRINA, NOREPINEFRINA (CADA) - PESQUISA E/OU DOSAGEM NA URINA"," R$  21,76 ",,,,,,,,,,,,,,,,
,,"CISTINURIA, PESQUISA"," R$  4,25 ",,,,,,,,,,,,,,,,
,,COPROPORFIRINA III - PESQUISA E/OU DOSAGEM NA URINA," R$  14,80 ",,,,,,,,,,,,,,,,
,,"CORPOS CETONICOS, PESQUISA - NA URINA"," R$  1,66 ",,,,,,,,,,,,,,,,
,,CROMATOGRAFIA DE ACUCARES - NA URINA," R$  19,80 ",,,,,,,,,,,,,,,,
,,"DISMORFISMO ERITROCITARIO, PESQUISA (CONTRASTE DE FASE) - NA URINA"," R$  69,01 ",,,,,,,,,,,,,,,,
,,ERROS INATOS DO METABOLISMO BATERIAS DE TESTES QUIMICOS DE TRIAGEM EM URINA (MINIMO DE 6 TESTES)," R$  30,79 ",,,,,,,,,,,,,,,,
,,"FRUTOSURIA, PESQUISA"," R$  6,12 ",,,,,,,,,,,,,,,,
,,"GALACTOSURIA, PESQUISA"," R$  6,12 ",,,,,,,,,,,,,,,,
,,"LIPOIDES, PESQUISA - NA URINA"," R$  6,58 ",,,,,,,,,,,,,,,,
,,"MELANINA, PESQUISA - NA URINA"," R$  2,98 ",,,,,,,,,,,,,,,,
,,"METANEFRINAS URINARIAS, DOSAGEM"," R$  20,28 ",,,,,,,,,,,,,,,,
,,MICROALBUMINURIA," R$  21,76 ",,,,,,,,,,,,,,,,
,,PESQUISA OU DOSAGEM DE UM COMPONENTE URINARIO," R$  1,98 ",,,,,,,,,,,,,,,,
,,"PORFOBILINOGENIO, PESQUISA - NA URINA"," R$  2,77 ",,,,,,,,,,,,,,,,
,,"PROTEINAS DE BENCE JONES, PESQUISA - NA URINA"," R$  10,69 ",,,,,,,,,,,,,,,,
,,"ROTINA DE URINA (CARACTERES FISICOS, ELEMENTOS ANORMAIS E SEDIMENTOSCOPIA)"," R$  5,06 ",,,,,,,,,,,,,,,,
,,"UROPORFIRINAS, DOSAGEM"," R$  3,56 ",,,,,,,,,,,,,,,,
,,"2,5-HEXANODIONA, DOSAGEM NA URINA"," R$  23,08 ",,,,,,,,,,,,,,,,
,,CISTINA - PESQUISA E/OU DOSAGEM NA URINA," R$  69,01 ",,,,,,,,,,,,,,,,
,,PORFOBILINOGENIO - NA URINA," R$  24,66 ",,,,,,,,,,,,,,,,
,,CONTAGEM SEDIMENTAR DE ADDIS," R$  9,24 ",,,,,,,,,,,,,,,,
,,"ELETROFORESE DE PROTEINAS URINARIAS, COM CONCENTRACAO"," R$  22,97 ",,,,,,,,,,,,,,,,
,,"FENILCETONURIA, PESQUISA"," R$  10,93 ",,,,,,,,,,,,,,,,
,,"HISTIDINA, PESQUISA - NA URINA"," R$  4,94 ",,,,,,,,,,,,,,,,
,,"MIOGLOBINA, PESQUISA - NA URINA"," R$  14,71 ",,,,,,,,,,,,,,,,
,,"OSMOLALIDADE, DETERMINACAO - NA URINA"," R$  6,58 ",,,,,,,,,,,,,,,,
,,PROVA DE CONCENTRACAO (FISHBERG OU VOLHARD) - NA URINA," R$  2,77 ",,,,,,,,,,,,,,,,
,,"TIROSINOSE, PESQUISA - NA URINA"," R$  23,35 ",,,,,,,,,,,,,,,,
,,"CROMATINA SEXUAL, PESQUISA"," R$  8,14 ",,,,,,,,,,,,,,,,
,,"IONTOFORESE PARA A COLETA DE SUOR, COM DOSAGEM DE CLORO"," R$  33,67 ",,,,,,,,,,,,,,,,
,,"MUCO-NASAL, PESQUISA DE EOSINOFILOS E MASTOCITOS"," R$  5,94 ",,,,,,,,,,,,,,,,
,,"PERFIL METABOLICO PARA LITIASE RENAL: SANGUE (CA, P, AU, CR) URINA: (CA, AU, P, CITR, PESQ. CISTINA) AMP-CICLICO"," R$  52,87 ",,,,,,,,,,,,,,,,
,,"GASTROACIDOGRAMA - SECRECAO BASAL PARA 60 E 4 AMOSTRAS APOS O ESTIMULO (FORNECIMENTO DE MATERIAL INCLUSIVE TUBAGEM), TESTE"," R$  15,84 ",,,,,,,,,,,,,,,,
,,"PANCREOZIMA - SECRETINA NO SUCO DUODENAL, TESTE"," R$  19,80 ",,,,,,,,,,,,,,,,
,,"ROTINA DA BILES A, B, C E DO SUCO DUODENAL (CARACTERES FISICOS E MICROSCOPICOS INCLUSIVE TUBAGEM)"," R$  10,93 ",,,,,,,,,,,,,,,,
,,"PERFIL REUMATOLOGICO (ACIDO URICO, ELETROFORESE DE PROTEINAS, FAN, VHS, PROVA DO LATEX P/F. R, W. ROSE)"," R$  25,34 ",,,,,,,,,,,,,,,,
,,"PROVA ATIVIDADE DE FEBRE REUMATICA (ASLO, ELETROFORESE DE PROTEINAS, MUCO-PROTEINAS E PROTEINA ""C"" REATIVA)"," R$  31,78 ",,,,,,,,,,,,,,,,
,,"PROVAS DE FUNCAO HEPATICA (BILIRRUBINAS, ELETROFORESE DE PROTEINAS, FA, TGO, TGP E GAMA-PGT)"," R$  35,24 ",,,,,,,,,,,,,,,,
,,TESTE DO PEZINHO BASICO (TSH NEONATAL + FENILALANINA + ELETROFORESE DE HB PARA TRIAGEM DE HEMOPATIAS)," R$  46,99 ",,,,,,,,,,,,,,,,
,,TESTE DO PEZINHO AMPLIADO (TSH NEONATAL + 17 OH PROGESTERONA + FENILALANINA + TRIPSINA IMUNO-REATIVA + ELETROFORESE DE HB PARA TRIAGEM DE HEMOPATIAS)," R$  81,10 ",,,,,,,,,,,,,,,,
,,ACIDO DELTA AMINOLEVULINICO (PARA CHUMBO INORGANICO) - PESQUISA E/OU DOSAGEM," R$  10,87 ",,,,,,,,,,,,,,,,
,,ACIDO DELTA AMINOLEVULINICO DESIDRATASE (PARA CHUMBO INORGANICO) - PESQUISA E/OU DOSAGEM," R$  6,58 ",,,,,,,,,,,,,,,,
,,ACIDO FENILGLIOXILICO (PARA ESTIRENO) - PESQUISA E/OU DOSAGEM," R$  11,88 ",,,,,,,,,,,,,,,,
,,ACIDO HIPURICO (PARA TOLUENO) - PESQUISA E/OU DOSAGEM," R$  20,17 ",,,,,,,,,,,,,,,,
,,ACIDO MANDELICO (PARA ESTIRENO) - PESQUISA E/OU DOSAGEM," R$  14,80 ",,,,,,,,,,,,,,,,
,,ACIDO METILHIPURICO (PARA XILENOS) - PESQUISA E/OU DOSAGEM," R$  17,33 ",,,,,,,,,,,,,,,,
,,ACIDO SALICILICO - PESQUISA E/OU DOSAGEM," R$  24,66 ",,,,,,,,,,,,,,,,
,,CARBOXIHEMOGLOBINA (PARA MONOXIDO DE CARBONO DICLOROMETANO) - PESQUISA E/OU DOSAGEM," R$  11,84 ",,,,,,,,,,,,,,,,
,,CHUMBO - PESQUISA E/OU DOSAGEM," R$  28,22 ",,,,,,,,,,,,,,,,
,,COLINESTERASE (PARA CARBAMATOS ORGANOFOSFORADOS) - PESQUISA E/OU DOSAGEM," R$  9,35 ",,,,,,,,,,,,,,,,
,,COPROPORFIRINAS (PARA CHUMBO INORGANICO) - PESQUISA E/OU DOSAGEM," R$  14,80 ",,,,,,,,,,,,,,,,
,,ETANOL - PESQUISA E/OU DOSAGEM," R$  21,88 ",,,,,,,,,,,,,,,,
,,"FENOL (PARA BENZENO, FENOL) - PESQUISA E/OU DOSAGEM"," R$  25,48 ",,,,,,,,,,,,,,,,
,,FLUOR (PARA FLUORETOS) - PESQUISA E/OU DOSAGEM," R$  14,80 ",,,,,,,,,,,,,,,,
,,META-HEMOGLOBINA (PARA ANILINA NITROBENZENO) - PESQUISA E/OU DOSAGEM," R$  5,94 ",,,,,,,,,,,,,,,,
,,"METAIS AL, AS, CD, CR, MN, HG, NI, ZN, CO, OUTRO (S) ABSORCAO ATOMICA (CADA) - PESQUISA E/OU DOSAGEM"," R$  23,76 ",,,,,,,,,,,,,,,,
,,METANOL - PESQUISA E/OU DOSAGEM," R$  17,41 ",,,,,,,,,,,,,,,,
,,P-AMINOFENOL (PARA ANILINA) - PESQUISA E/OU DOSAGEM," R$  30,78 ",,,,,,,,,,,,,,,,
,,PROTOPORFIRINAS ZN (PARA CHUMBO INORGANICO) - PESQUISA E/OU DOSAGEM," R$  11,88 ",,,,,,,,,,,,,,,,
,,"SULFATOS ORGANICOS OU INORGANICOS, PESQUISA (CADA)"," R$  3,56 ",,,,,,,,,,,,,,,,
,,"TRICLOROCOMPOSTOS TOTAIS (PARA TETRACLOROETILENO, TRICLOROETANO, TRICLOROETILENO) - PESQUISA E/OU DOSAGEM"," R$  5,94 ",,,,,,,,,,,,,,,,
,,ACIDO METIL MALONICO - PESQUISA E/OU DOSAGEM," R$  114,66 ",,,,,,,,,,,,,,,,
,,CROMO - PESQUISA E/OU DOSAGEM," R$  27,20 ",,,,,,,,,,,,,,,,
,,ZINCO - PESQUISA E/OU DOSAGEM," R$  30,42 ",,,,,,,,,,,,,,,,
,,METIL ETIL CETONA - PESQUISA E/OU DOSAGEM," R$  29,68 ",,,,,,,,,,,,,,,,
,,"CITOMEGALOVIRUS - QUALITATIVO, POR PCR, PESQUISA (COM DIRETRIZ DE UTILIZACAO DEFINIDA PELA ANS)"," R$  183,06 ",,,,,,,,,,,,,,,,
,,"CITOMEGALOVIRUS - QUANTITATIVO, POR PCR - PESQUISA"," R$  123,48 ",,,,,,,,,,,,,,,,
,,CROMOSSOMO PHILADELFIA - PESQUISA," R$  23,35 ",,,,,,,,,,,,,,,,
,,"FATOR V DE LAYDEN POR PCR, PESQUISA (COM DIRETRIZ DE UTILIZACAO DEFINIDA PELA ANS)"," R$  4,34 ",,,,,,,,,,,,,,,,
,,"FIBROSE CISTICA, PESQUISA DE UMA MUTACAO (COM DIRETRIZ DE UTILIZACAO DEFINIDA PELA ANS)"," R$  4,26 ",,,,,,,,,,,,,,,,
,,"HEPATITE B (QUANTITATIVO) PCR, PESQUISA "," R$  15,29 ",,,,,,,,,,,,,,,,
,,HEPATITE C (QUALITATIVO) POR PCR - PESQUISA," R$  110,56 ",,,,,,,,,,,,,,,,
,,HEPATITE C (QUANTITATIVO) POR PCR - PESQUISA," R$  140,96 ",,,,,,,,,,,,,,,,
,,"HEPATITE C - GENOTIPAGEM, PESQUISA (COM DIRETRIZ DE UTILIZACAO DEFINIDA PELA ANS)"," R$  287,26 ",,,,,,,,,,,,,,,,
,,HIV - CARGA VIRAL PCR - PESQUISA," R$  259,20 ",,,,,,,,,,,,,,,,
,,HIV - QUALITATIVO POR PCR - PESQUISA," R$  109,66 ",,,,,,,,,,,,,,,,
,,"HIV, GENOTIPAGEM, PESQUISA (COM DIRETRIZ DE UTILIZACAO DEFINIDA PELA ANS)"," R$  158,38 ",,,,,,,,,,,,,,,,
,,HPV (VIRUS DO PAPILOMA HUMANO) + SUBTIPAGEM QUANDO NECESSARIO PCR - PESQUISA," R$  57,77 ",,,,,,,,,,,,,,,,
,,HTLV I / II POR PCR (CADA) - PESQUISA," R$  111,30 ",,,,,,,,,,,,,,,,
,,MYCOBACTERIA PCR - PESQUISA," R$  90,76 ",,,,,,,,,,,,,,,,
,,"PROTEINA S TOTAL + LIVRE, DOSAGEM"," R$  152,18 ",,,,,,,,,,,,,,,,
,,"X-FRAGIL POR PCR, PESQUISA (COM DIRETRIZ DE UTILIZACAO DEFINIDA PELA ANS)"," R$  88,12 ",,,,,,,,,,,,,,,,
,,CHLAMYDIA POR BIOLOGIA MOLECULAR - PESQUISA," R$  33,26 ",,,,,,,,,,,,,,,,
,,PESQUISA DE OUTROS AGENTES POR PCR," R$  76,27 ",,,,,,,,,,,,,,,,
,,PESQUISA DE MUTACAO DE ALELO ESPECIFICO POR PCR (COM DIRETRIZ DE UTILIZACAO DEFINIDA PELA ANS)," R$  76,27 ",,,,,,,,,,,,,,,,
,,QUANTIFICACAO DE OUTROS AGENTES POR PCR," R$  156,89 ",,,,,,,,,,,,,,,,
,,EPSTEIN BARR VIRUS POR PCR," R$  121,78 ",,,,,,,,,,,,,,,,
,,"HLA B27, FENOTIPAGEM (COM DIRETRIZ DE UTILIZACAO)"," R$  35,86 ",,,,,,,,,,,,,,,,
,,"HPV ONCOPROTEiNAS VIRAIS E6/E7, PESQUISA"," R$  57,82 ",,,,,,,,,,,,,,,,
,,HIV AMPLIFICACAO DO DNA (PCR)," R$  100,50 ",,,,,,,,,,,,,,,,
,,"CHLAMYDIA - PCR, AMPLIACAO DE DNA"," R$  19,64 ",,,,,,,,,,,,,,,,
,,VIRUS ZIKA - POR PCR," R$  153,12 ",,,,,,,,,,,,,,,,
,,"CORONAVIRUS COVID-19, PESQUISA POR METODO MOLECULAR"," R$  102,48 ",,,,,,,,,,,,,,,,
,,3 ALFA ANDROSTONEDIOL GLUCORONIDEO (3ALFDADIOL) - PESQUISA E/OU DOSAGEM," R$  25,34 ",,,,,,,,,,,,,,,,
,,ACIDO VANILMANDELICO (VMA) - PESQUISA E/OU DOSAGEM," R$  21,76 ",,,,,,,,,,,,,,,,
,,"ADRENOCORTICOTROFICO, HORMONIO (ACTH) - PESQUISA E/OU DOSAGEM"," R$  6,58 ",,,,,,,,,,,,,,,,
,,ANTICORPO ANTI-RECEPTOR DE TSH (TRAB) - PESQUISA E/OU DOSAGEM," R$  76,87 ",,,,,,,,,,,,,,,,
,,ANTICORPOS ANTITIREOIDE (TIREOGLOBULINA) - PESQUISA E/OU DOSAGEM," R$  26,58 ",,,,,,,,,,,,,,,,
,,ANTIGENO AUSTRALIA (HBSAG) - PESQUISA E/OU DOSAGEM," R$  13,86 ",,,,,,,,,,,,,,,,
,,ANTIGENO CARCINOEMBRIOGENICO (CEA) - PESQUISA E/OU DOSAGEM," R$  27,20 ",,,,,,,,,,,,,,,,
,,ANTIGENO ESPECIFICO PROSTATICO LIVRE (PSA LIVRE) - PESQUISA E/OU DOSAGEM," R$  23,50 ",,,,,,,,,,,,,,,,
,,ANTIGENO ESPECIFICO PROSTATICO TOTAL (PSA) - PESQUISA E/OU DOSAGEM," R$  20,17 ",,,,,,,,,,,,,,,,
,,CATECOLAMINAS - PESQUISA E/OU DOSAGEM," R$  26,92 ",,,,,,,,,,,,,,,,
,,COMPOSTO S (11-DESOXICORTISOL) - PESQUISA E/OU DOSAGEM," R$  29,70 ",,,,,,,,,,,,,,,,
,,CORTISOL - PESQUISA E/OU DOSAGEM," R$  19,04 ",,,,,,,,,,,,,,,,
,,"CRESCIMENTO, HORMONIO DO (HGH) - PESQUISA E/OU DOSAGEM"," R$  17,82 ",,,,,,,,,,,,,,,,
,,GLOBULINA TRANSPORTADORA DA TIROXINA (TBG) - PESQUISA E/OU DOSAGEM," R$  25,48 ",,,,,,,,,,,,,,,,
,,SOMATOMEDINA C (IGF1) - PESQUISA E/OU DOSAGEM," R$  3,07 ",,,,,,,,,,,,,,,,
,,SULFATO DE DEHIDROEPIANDROSTERONA (S-DHEA) - PESQUISA E/OU DOSAGEM," R$  21,78 ",,,,,,,,,,,,,,,,
,,GONADOTROFINA CORIONICA - HEMAGLUTINACAO OU LATEX," R$  20,17 ",,,,,,,,,,,,,,,,
,,INSULINA TOTAL E LIVRE," R$  10,90 ",,,,,,,,,,,,,,,,
,,TESTE COM CORTROSINA PARA 17 ALFA HIDROXIPROGESTERONA," R$  29,70 ",,,,,,,,,,,,,,,,
,,TESTE DE ESTIMULO DO GH PELA INSULINA (4 DOSAGENS DE GH)," R$  48,98 ",,,,,,,,,,,,,,,,
,,CURVA INSULINICA E GLICEMICA (2 DOSAGENS)," R$  40,55 ",,,,,,,,,,,,,,,,
,,CURVA INSULINICA E GLICEMICA (3 DOSAGENS)," R$  52,36 ",,,,,,,,,,,,,,,,
,,CURVA INSULINICA E GLICEMICA (4 DOSAGENS)," R$  37,92 ",,,,,,,,,,,,,,,,
,,CURVA INSULINICA E GLICEMICA (5 DOSAGENS)," R$  35,86 ",,,,,,,,,,,,,,,,
,,CURVA INSULINICA E GLICEMICA (6 DOSAGENS)," R$  60,83 ",,,,,,,,,,,,,,,,
,,CADEIA KAPPA-LAMBDA LEVE LIVRE," R$  28,49 ",,,,,,,,,,,,,,,,
,,"HEMACIAS, CONTAGEM"," R$  21,76 ",,,,,,,,,,,,,,,,
,,"HEMOGLOBINA FETAL, DOSAGEM"," R$  33,38 ",,,,,,,,,,,,,,,,
,,"MICROESFEROCITOS, PESQUISA DE"," R$  21,76 ",,,,,,,,,,,,,,,,
,,TEMPO DE LISE DE EUGLOBULINA," R$  2,77 ",,,,,,,,,,,,,,,,
,,"PROTROMBINA, PESQUISA DE MUTACAO (COM DIRETRIZ DE UTILIZACAO DEFINIDA PELA ANS)"," R$  78,89 ",,,,,,,,,,,,,,,,
,,"FATOR II, DOSAGEM DO INIBIDOR"," R$  6,58 ",,,,,,,,,,,,,,,,
,,"FATOR VII, DOSAGEM DO INIBIDOR"," R$  11,58 ",,,,,,,,,,,,,,,,
,,"HOMOCISTINA, PESQUISA DE"," R$  28,84 ",,,,,,,,,,,,,,,,
,,INDICE DE SATURACAO DE FERRO," R$  7,52 ",,,,,,,,,,,,,,,,
,,ITRACONAZOL," R$  269,83 ",,,,,,,,,,,,,,,,
,,"LEVETIRACETAM, DOSAGEM"," R$  2,22 ",,,,,,,,,,,,,,,,
,,"SIROLIMUS, DOSAGEM"," R$  11,58 ",,,,,,,,,,,,,,,,
,,"TOPIRAMATO, DOSAGEM (SANGUE)"," R$  23,15 ",,,,,,,,,,,,,,,,
,,"VIGABATRINA, DOSAGEM"," R$  59,40 ",,,,,,,,,,,,,,,,
,,"EVEROLIMUS, DOSAGEM"," R$  87,72 ",,,,,,,,,,,,,,,,
,,"ZINCO ERITROCITÁRIO, DOSAGEM"," R$  39,47 ",,,,,,,,,,,,,,,,
,,"ACETILCOLINA, ANTICORPOS LIGADOR RECEPTOR"," R$  83,87 ",,,,,,,,,,,,,,,,
,,HEPATITE E - IGM/IGG," R$  39,90 ",,,,,,,,,,,,,,,,
,,PESQUISA RAPIDA PARA INFLUENZA A E B," R$  78,54 ",,,,,,,,,,,,,,,,
,,PESQUISA RAPIDA PARA VIRUS SINCICIAL RESPIRATORIO," R$  78,54 ",,,,,,,,,,,,,,,,
,,"CADEIAS LEVES LIVRES KAPPA/LAMBDA EM URINA, DOSAGEM"," R$  4,49 ",,,,,,,,,,,,,,,,
,,"CALPROTECTINA, DETECÇÃO NAS FEZES  (COM DIRETRIZ DEFINIDA PELA ANS - Nº 134)"," R$  159,07 ",,,,,,,,,,,,,,,,
,,"COXSACKIE B1-6, ANTICORPOS IGM"," R$  23,35 ",,,,,,,,,,,,,,,,
,,"HIV1/2, ANTICORPOS (TESTE RaPIDO)"," R$  100,87 ",,,,,,,,,,,,,,,,
,,"CHIKUNGUNYA, ANTICORPOS"," R$  30,78 ",,,,,,,,,,,,,,,,
,,"ANTIGENO NS1 DO VIRUS DA DENGUE, PESQUISA"," R$  33,66 ",,,,,,,,,,,,,,,,
,,"DENGUE, ANTICORPOS IGG, SORO (TESTE RAPIDO)"," R$  26,50 ",,,,,,,,,,,,,,,,
,,"DENGUE, ANTICORPOS IGM, SORO (TESTE RAPIDO)"," R$  22,75 ",,,,,,,,,,,,,,,,
,,VIRUS ZIKA - IGG," R$  153,12 ",,,,,,,,,,,,,,,,
,,VIRUS ZIKA - IGM," R$  153,12 ",,,,,,,,,,,,,,,,
,,SANGRIA TERAPEUTICA," R$  15,84 ",,,,,,,,,,,,,,,,
,,COLETA DE BIOPSIA DE MEDULA OSSEA POR AGULHA," R$  33,66 ",,,,,,,,,,,,,,,,
,,GRUPO SANGUINEO ABO E RH - PESQUISA," R$  10,08 ",,,,,,,,,,,,,,,,
,,IDENTIFICACAO DE ANTICORPOS SERICOS IRREGULARES ANTIERITROCITARIOS - METODO DE ELUICAO," R$  25,48 ",,,,,,,,,,,,,,,,
,,NAT/HBV - POR COMPONENTE HEMOTERAPICO - PESQUISA E/OU DOSAGEM," R$  26,26 ",,,,,,,,,,,,,,,,
,,PCR EM TEMPO REAL PARA DIAGNOSTICO DE HERPES VIRUS 6 - POS TRANSPLANTE," R$  65,82 ",,,,,,,,,,,,,,,,
,,PCR EM TEMPO REAL PARA OS VIRUS PARA INFLUENZA E INFLUENZA," R$  134,80 ",,,,,,,,,,,,,,,,
,,PCR EM TEMPO REAL PARA VIRUS RESPIRATORIO SINCICIAL," R$  134,80 ",,,,,,,,,,,,,,,,
,,QUANTIFICACAO DE CD8 DA COLETA DE CELULAS TRONCO PERIFERICAS PARA TCTH ALOGENICO," R$  104,99 ",,,,,,,,,,,,,,,,
,,"CARIOTIPO COM BANDAS DE PELE, TUMOR E DEMAIS TECIDOS"," R$  304,91 ",,,,,,,,,,,,,,,,
,,CARIOTIPO DE MEDULA (TECNICAS COM BANDAS)," R$  310,96 ",,,,,,,,,,,,,,,,
,,CARIOTIPO DE SANGUE (TECNICAS COM BANDAS)," R$  89,76 ",,,,,,,,,,,,,,,,
,,CARIOTIPO EM VILOSIDADES CORIONICAS (CULTIVO DE TROFOBLASTOS)," R$  241,40 ",,,,,,,,,,,,,,,,
,,CULTURA DE MATERIAL DE ABORTO E OBTENCAO DE CARIOTIPO," R$  13,70 ",,,,,,,,,,,,,,,,
,,ESTUDO DE ALTERACOES CROMOSSOMICAS EM LEUCEMIAS POR FISH (FLUORESCENCE IN SITU HYBRIDIZATION) (COM DIRETRIZ DE UTILIZACAO DEFINIDA PELA ANS)," R$  20,17 ",,,,,,,,,,,,,,,,
,,PESQUISA DE TRANSLOCACAO PML/RAR-A (COM DIRETRIZ DE UTILIZACAO DEFINIDA PELA ANS)," R$  90,26 ",,,,,,,,,,,,,,,,
,,"DOSAGEM QUANTITATIVA DE ACIDOS ORGANICOS, CARNITINA, PERFIL DE ACILCARNITINA, ACIDOS GRAXOS DE CADEIA MUITO LONGA, PARA O DIAGNOSTICO DE ERROS INATOS DO METABOLISMO (PERFIL EM UMA AMOSTRA)"," R$  382,07 ",,,,,,,,,,,,,,,,
,,DOSAGEM QUANTITATIVA DE AMINOACIDOS PARA O DIAGNOSTICO DE ERROS INATOS DO METABOLISMO (PERFIL DE AMINOACIDOS NUMA AMOSTRA)," R$  301,92 ",,,,,,,,,,,,,,,,
,,DOSAGEM QUANTITATIVA DE METABOLITOS NA URINA E/OU SANGUE PARA O DIAGNOSTICO DE ERROS INATOS DO METABOLISMO (CADA)," R$  129,20 ",,,,,,,,,,,,,,,,
,,ELETROFORESE OU CROMATOGRAFIA (PAPEL OU CAMADA DELGADA) PARA IDENTIFICACAO DE AMINOACIDOS OU GLICIDIOS OU OLIGOSSACARIDIOS OU SIALOLIGOSSACARIDIOS GLICOSAMINOGLICANOS OU OUTROS COMPOSTOS PARA DETECCAO," R$  25,48 ",,,,,,,,,,,,,,,,
,,TESTE DUPLO - 2 TRIMESTRE (AFP+BETA-HCG) OU OUTROS 2 EM SORO OU LIQUIDO AMINIOTICO COM ELABORACAO DE LAUDO CONTENDO CALCULO DE RISCO PARA ANOMALIAS FETAIS," R$  49,26 ",,,,,,,,,,,,,,,,
,,"DOSAGEM QUANTITATIVA DE CARNITINA E PERFIL DE ACILCARNITINA, PARA O DIAGNOSTICO DE ERROS INATOS DO"," R$  143,75 ",,,,,,,,,,,,,,,,
,,DOSAGEM QUANTITATIVA DE METABOLITOS POR ESPECTROMETRIA DE MASSA OU ESPECTROMETRIA DE MASSA EM TANDE," R$  165,53 ",,,,,,,,,,,,,,,,
,,"ANALISE DE DNA COM ENZIMAS DE RESTRICAO POR ENZIMA UTILIZADA, POR AMOSTRA (COM DIRETRIZ DE UTILIZACAO DEFINIDA PELA ANS) "," R$  69,65 ",,,,,,,,,,,,,,,,
,,PROCEDIMENTO DIAGNOSTICO PEROPERATORIO SEM DESLOCAMENTO DO PATOLOGISTA," R$  49,37 ",,,,,,,,,,,,,,,,
,,PROCEDIMENTO DIAGNOSTICO EM PECA ANATOMICA OU CIRURGICA SIMPLES," R$  77,64 ",,,,,,,,,,,,,,,,
,,PROCEDIMENTO DIAGNOSTICO POR CAPTURA HIBRIDA," R$  132,62 ",,,,,,,,,,,,,,,,
,,PROCEDIMENTO DIAGNOSTICO EM CITOMETRIA DE FLUXO (POR MONOCLONAL PESQUISADO)," R$  87,64 ",,,,,,,,,,,,,,,,
,,"HEMACIAS, TEMPO DE SOBREVIDA"," R$  48,37 ",,,,,,,,,,,,,,,,
,,17-ALFA-HIDROXIPROGESTERONA - PESQUISA E/OU DOSAGEM," R$  23,32 ",,,,,,,,,,,,,,,,
,,ALDOSTERONA - PESQUISA E/OU DOSAGEM," R$  29,68 ",,,,,,,,,,,,,,,,
,,ALFA-FETO PROTEINA - PESQUISA E/OU DOSAGEM," R$  23,35 ",,,,,,,,,,,,,,,,
,,ANDROSTENEDIONA - PESQUISA E/OU DOSAGEM," R$  23,35 ",,,,,,,,,,,,,,,,
,,ANTI-TPO - PESQUISA E/OU DOSAGEM," R$  31,84 ",,,,,,,,,,,,,,,,
,,ANTICORPOS ANTIINSULINA - PESQUISA E/OU DOSAGEM," R$  25,30 ",,,,,,,,,,,,,,,,
,,CALCITONINA - PESQUISA E/OU DOSAGEM," R$  23,08 ",,,,,,,,,,,,,,,,
,,DEHIDROEPIANDROSTERONA (DHEA) - PESQUISA E/OU DOSAGEM," R$  25,34 ",,,,,,,,,,,,,,,,
,,DEHIDROTESTOSTERONA (DHT) - PESQUISA E/OU DOSAGEM," R$  20,17 ",,,,,,,,,,,,,,,,
,,ESTRADIOL - PESQUISA E/OU DOSAGEM," R$  30,62 ",,,,,,,,,,,,,,,,
,,ESTRIOL - PESQUISA E/OU DOSAGEM," R$  39,60 ",,,,,,,,,,,,,,,,
,,ESTRONA - PESQUISA E/OU DOSAGEM," R$  39,60 ",,,,,,,,,,,,,,,,
,,FERRITINA - PESQUISA E/OU DOSAGEM," R$  21,24 ",,,,,,,,,,,,,,,,
,,"FOLICULO ESTIMULANTE, HORMONIO (FSH) - PESQUISA E/OU DOSAGEM"," R$  13,06 ",,,,,,,,,,,,,,,,
,,GLOBULINA DE LIGACAO DE HORMONIOS SEXUAIS (SHBG) - PESQUISA E/OU DOSAGEM," R$  29,68 ",,,,,,,,,,,,,,,,
,,"GONADOTRÓFICO CORIONICO, HORMONIO (HCG) - PESQUISA E/OU DOSAGEM"," R$  49,90 ",,,,,,,,,,,,,,,,
,,HORMONIO LUTEINIZANTE (LH) - PESQUISA E/OU DOSAGEM," R$  16,45 ",,,,,,,,,,,,,,,,
,,IMUNOGLOBULINA (IGE) - PESQUISA E/OU DOSAGEM," R$  32,92 ",,,,,,,,,,,,,,,,
,,INDICE DE TIROXINA LIVRE (ITL) - PESQUISA E/OU DOSAGEM," R$  21,48 ",,,,,,,,,,,,,,,,
,,INSULINA - PESQUISA E/OU DOSAGEM," R$  13,98 ",,,,,,,,,,,,,,,,
,,"MARCADORES TUMORAIS (CA 19.9, CA 125, CA 72-4, CA 15-3, ETC.) CADA - PESQUISA E/OU DOSAGEM"," R$  27,20 ",,,,,,,,,,,,,,,,
,,OSTEOCALCINA - PESQUISA E/OU DOSAGEM," R$  38,09 ",,,,,,,,,,,,,,,,
,,PEPTIDEO C - PESQUISA E/OU DOSAGEM," R$  27,20 ",,,,,,,,,,,,,,,,
,,PROGESTERONA - PESQUISA E/OU DOSAGEM," R$  23,50 ",,,,,,,,,,,,,,,,
,,PROLACTINA - PESQUISA E/OU DOSAGEM," R$  21,52 ",,,,,,,,,,,,,,,,
,,PTH - PESQUISA E/OU DOSAGEM," R$  25,48 ",,,,,,,,,,,,,,,,
,,RENINA - PESQUISA E/OU DOSAGEM," R$  21,78 ",,,,,,,,,,,,,,,,
,,T3 LIVRE - PESQUISA E/OU DOSAGEM," R$  16,84 ",,,,,,,,,,,,,,,,
,,T3 RETENCAO - PESQUISA E/OU DOSAGEM," R$  13,98 ",,,,,,,,,,,,,,,,
,,T3 REVERSO - PESQUISA E/OU DOSAGEM," R$  12,00 ",,,,,,,,,,,,,,,,
,,T4 LIVRE - PESQUISA E/OU DOSAGEM," R$  16,84 ",,,,,,,,,,,,,,,,
,,TESTOSTERONA LIVRE - PESQUISA E/OU DOSAGEM," R$  27,20 ",,,,,,,,,,,,,,,,
,,TESTOSTERONA TOTAL - PESQUISA E/OU DOSAGEM," R$  23,50 ",,,,,,,,,,,,,,,,
,,"TIREOESTIMULANTE, HORMONIO (TSH) - PESQUISA E/OU DOSAGEM"," R$  18,55 ",,,,,,,,,,,,,,,,
,,TIREOGLOBULINA - PESQUISA E/OU DOSAGEM," R$  15,92 ",,,,,,,,,,,,,,,,
,,TIROXINA (T4) - PESQUISA E/OU DOSAGEM," R$  16,45 ",,,,,,,,,,,,,,,,
,,TRIIODOTIRONINA (T3) - PESQUISA E/OU DOSAGEM," R$  16,45 ",,,,,,,,,,,,,,,,
,,VASOPRESSINA (ADH) - PESQUISA E/OU DOSAGEM," R$  18,05 ",,,,,,,,,,,,,,,,
,,VITAMINA B12 - PESQUISA E/OU DOSAGEM," R$  21,52 ",,,,,,,,,,,,,,,,